requestIndex,segmentId,deadlineKind,deadlineSlackMs,policy,mode,strategy,reason,peerCompletionMs,originCompletionMs,hedgeDelay,hedgeStarted,winningSource,completionMs,deadlineMet
0,segment-0000.ts,player-derived,6000,Node-legacy,single-peer,legacy-p2p-first,peer_selected,838.64,,,false,peer,838.64,true
1,segment-0001.ts,playlist-derived,2000,Node-legacy,single-peer,legacy-p2p-first,peer_selected,814.313,,,false,peer,814.313,true
2,segment-0002.ts,playlist-derived,2000,Node-legacy,single-peer,legacy-p2p-first,peer_selected,,1201.801,,false,origin,1201.801,true
3,segment-0003.ts,unknown,2500,Node-legacy,single-peer,legacy-p2p-first,peer_selected,601.104,,,false,peer,601.104,true
4,segment-0004.ts,unknown,2500,Node-legacy,single-peer,legacy-p2p-first,peer_selected,484.637,,,false,peer,484.637,true
5,segment-0005.ts,unknown,2500,Node-legacy,single-peer,legacy-p2p-first,peer_selected,758.695,,,false,peer,758.695,true
6,segment-0006.ts,unknown,2500,Node-legacy,single-peer,legacy-p2p-first,peer_selected,188.325,,,false,peer,188.325,true
7,segment-0007.ts,player-derived,6000,Node-legacy,single-peer,legacy-p2p-first,peer_selected,689.148,,,false,peer,689.148,true
8,segment-0008.ts,playlist-derived,2000,Node-legacy,single-peer,legacy-p2p-first,peer_selected,333.715,,,false,peer,333.715,true
9,segment-0009.ts,playlist-derived,2000,Node-legacy,single-peer,legacy-p2p-first,peer_selected,,947.721,,false,origin,947.721,true
10,segment-0010.ts,player-derived,6000,Node-legacy,single-peer,legacy-p2p-first,peer_selected,969.869,,,false,peer,969.869,true
11,segment-0011.ts,player-derived,6000,Node-legacy,single-peer,legacy-p2p-first,peer_selected,943.231,,,false,peer,943.231,true
12,segment-0012.ts,playlist-derived,2000,Node-legacy,single-peer,legacy-p2p-first,peer_selected,552.404,,,false,peer,552.404,true
13,segment-0013.ts,unknown,2500,Node-legacy,single-peer,legacy-p2p-first,peer_selected,1154.58,,,false,peer,1154.58,true
14,segment-0014.ts,synthetic,500,Node-legacy,single-peer,legacy-p2p-first,peer_selected,175.832,,,false,peer,175.832,true
15,segment-0015.ts,playlist-derived,2000,Node-legacy,single-peer,legacy-p2p-first,peer_selected,586.424,,,false,peer,586.424,true
16,segment-0016.ts,synthetic,500,Node-legacy,single-peer,legacy-p2p-first,peer_selected,,779.069,,false,origin,779.069,false
17,segment-0017.ts,player-derived,6000,Node-legacy,single-peer,legacy-p2p-first,peer_selected,1099.377,,,false,peer,1099.377,true
18,segment-0018.ts,playlist-derived,2000,Node-legacy,single-peer,legacy-p2p-first,peer_selected,,639.902,,false,origin,639.902,true
19,segment-0019.ts,unknown,2500,Node-legacy,single-peer,legacy-p2p-first,peer_selected,,1217.259,,false,origin,1217.259,true
20,segment-0020.ts,unknown,2500,Node-legacy,single-peer,legacy-p2p-first,peer_selected,,1565.82,,false,origin,1565.82,true
21,segment-0021.ts,player-derived,6000,Node-legacy,single-peer,legacy-p2p-first,peer_selected,1122.06,,,false,peer,1122.06,true
22,segment-0022.ts,player-derived,6000,Node-legacy,single-peer,legacy-p2p-first,peer_selected,926.123,,,false,peer,926.123,true
23,segment-0023.ts,synthetic,500,Node-legacy,single-peer,legacy-p2p-first,peer_selected,960.786,,,false,peer,960.786,false
24,segment-0024.ts,playlist-derived,2000,Node-legacy,single-peer,legacy-p2p-first,peer_selected,589.685,,,false,peer,589.685,true
25,segment-0025.ts,playlist-derived,2000,Node-legacy,single-peer,legacy-p2p-first,peer_selected,1280.025,,,false,peer,1280.025,true
26,segment-0026.ts,playlist-derived,2000,Node-legacy,single-peer,legacy-p2p-first,peer_selected,952.124,,,false,peer,952.124,true
27,segment-0027.ts,player-derived,6000,Node-legacy,single-peer,legacy-p2p-first,peer_selected,348.296,,,false,peer,348.296,true
28,segment-0028.ts,player-derived,6000,Node-legacy,single-peer,legacy-p2p-first,peer_selected,722.457,,,false,peer,722.457,true
29,segment-0029.ts,unknown,2500,Node-legacy,single-peer,legacy-p2p-first,peer_selected,585.594,,,false,peer,585.594,true
30,segment-0030.ts,playlist-derived,2000,Node-legacy,single-peer,legacy-p2p-first,peer_selected,900.087,,,false,peer,900.087,true
31,segment-0031.ts,player-derived,6000,Node-legacy,single-peer,legacy-p2p-first,peer_selected,,1493.598,,false,origin,1493.598,true
32,segment-0032.ts,playlist-derived,2000,Node-legacy,single-peer,legacy-p2p-first,peer_selected,533.898,,,false,peer,533.898,true
33,segment-0033.ts,player-derived,6000,Node-legacy,single-peer,legacy-p2p-first,peer_selected,212.254,,,false,peer,212.254,true
34,segment-0034.ts,playlist-derived,2000,Node-legacy,single-peer,legacy-p2p-first,peer_selected,1265.833,,,false,peer,1265.833,true
35,segment-0035.ts,player-derived,6000,Node-legacy,single-peer,legacy-p2p-first,peer_selected,696.966,,,false,peer,696.966,true
36,segment-0036.ts,playlist-derived,2000,Node-legacy,single-peer,legacy-p2p-first,peer_selected,723.817,,,false,peer,723.817,true
37,segment-0037.ts,unknown,2500,Node-legacy,single-peer,legacy-p2p-first,peer_selected,887.76,,,false,peer,887.76,true
38,segment-0038.ts,unknown,2500,Node-legacy,single-peer,legacy-p2p-first,peer_selected,577.617,,,false,peer,577.617,true
39,segment-0039.ts,player-derived,6000,Node-legacy,single-peer,legacy-p2p-first,peer_selected,843.664,,,false,peer,843.664,true
40,segment-0040.ts,playlist-derived,2000,Node-legacy,single-peer,legacy-p2p-first,peer_selected,,792.376,,false,origin,792.376,true
41,segment-0041.ts,player-derived,6000,Node-legacy,single-peer,legacy-p2p-first,peer_selected,1206.725,,,false,peer,1206.725,true
42,segment-0042.ts,unknown,2500,Node-legacy,single-peer,legacy-p2p-first,peer_selected,346.527,,,false,peer,346.527,true
43,segment-0043.ts,unknown,2500,Node-legacy,single-peer,legacy-p2p-first,peer_selected,,1256.426,,false,origin,1256.426,true
44,segment-0044.ts,playlist-derived,2000,Node-legacy,single-peer,legacy-p2p-first,peer_selected,,888.565,,false,origin,888.565,true
45,segment-0045.ts,player-derived,6000,Node-legacy,single-peer,legacy-p2p-first,peer_selected,621.153,,,false,peer,621.153,true
46,segment-0046.ts,player-derived,6000,Node-legacy,single-peer,legacy-p2p-first,peer_selected,1017.329,,,false,peer,1017.329,true
47,segment-0047.ts,unknown,2500,Node-legacy,single-peer,legacy-p2p-first,peer_selected,827.698,,,false,peer,827.698,true
48,segment-0048.ts,player-derived,6000,Node-legacy,single-peer,legacy-p2p-first,peer_selected,1137.745,,,false,peer,1137.745,true
49,segment-0049.ts,unknown,2500,Node-legacy,single-peer,legacy-p2p-first,peer_selected,,761.428,,false,origin,761.428,true
50,segment-0050.ts,unknown,2500,Node-legacy,single-peer,legacy-p2p-first,peer_selected,,1334.427,,false,origin,1334.427,true
51,segment-0051.ts,unknown,2500,Node-legacy,single-peer,legacy-p2p-first,peer_selected,910.858,,,false,peer,910.858,true
52,segment-0052.ts,player-derived,6000,Node-legacy,single-peer,legacy-p2p-first,peer_selected,656.587,,,false,peer,656.587,true
53,segment-0053.ts,unknown,2500,Node-legacy,single-peer,legacy-p2p-first,peer_selected,811.398,,,false,peer,811.398,true
54,segment-0054.ts,playlist-derived,2000,Node-legacy,single-peer,legacy-p2p-first,peer_selected,1117.303,,,false,peer,1117.303,true
55,segment-0055.ts,player-derived,6000,Node-legacy,single-peer,legacy-p2p-first,peer_selected,533.385,,,false,peer,533.385,true
56,segment-0056.ts,playlist-derived,2000,Node-legacy,single-peer,legacy-p2p-first,peer_selected,,1514.433,,false,origin,1514.433,true
57,segment-0057.ts,playlist-derived,2000,Node-legacy,single-peer,legacy-p2p-first,peer_selected,775.124,,,false,peer,775.124,true
58,segment-0058.ts,playlist-derived,2000,Node-legacy,single-peer,legacy-p2p-first,peer_selected,978.737,,,false,peer,978.737,true
59,segment-0059.ts,player-derived,6000,Node-legacy,single-peer,legacy-p2p-first,peer_selected,126.838,,,false,peer,126.838,true
60,segment-0060.ts,player-derived,6000,Node-legacy,single-peer,legacy-p2p-first,peer_selected,786.07,,,false,peer,786.07,true
61,segment-0061.ts,synthetic,500,Node-legacy,single-peer,legacy-p2p-first,peer_selected,881.882,,,false,peer,881.882,false
62,segment-0062.ts,unknown,2500,Node-legacy,single-peer,legacy-p2p-first,peer_selected,809.333,,,false,peer,809.333,true
63,segment-0063.ts,playlist-derived,2000,Node-legacy,single-peer,legacy-p2p-first,peer_selected,815.074,,,false,peer,815.074,true
64,segment-0064.ts,player-derived,6000,Node-legacy,single-peer,legacy-p2p-first,peer_selected,652.748,,,false,peer,652.748,true
65,segment-0065.ts,unknown,2500,Node-legacy,single-peer,legacy-p2p-first,peer_selected,,1259.735,,false,origin,1259.735,true
66,segment-0066.ts,player-derived,6000,Node-legacy,single-peer,legacy-p2p-first,peer_selected,1218.379,,,false,peer,1218.379,true
67,segment-0067.ts,player-derived,6000,Node-legacy,single-peer,legacy-p2p-first,peer_selected,,902.998,,false,origin,902.998,true
68,segment-0068.ts,player-derived,6000,Node-legacy,single-peer,legacy-p2p-first,peer_selected,915.577,,,false,peer,915.577,true
69,segment-0069.ts,playlist-derived,2000,Node-legacy,single-peer,legacy-p2p-first,peer_selected,623.736,,,false,peer,623.736,true
70,segment-0070.ts,unknown,2500,Node-legacy,single-peer,legacy-p2p-first,peer_selected,808.668,,,false,peer,808.668,true
71,segment-0071.ts,synthetic,500,Node-legacy,single-peer,legacy-p2p-first,peer_selected,1313.154,,,false,peer,1313.154,false
72,segment-0072.ts,playlist-derived,2000,Node-legacy,single-peer,legacy-p2p-first,peer_selected,1238.207,,,false,peer,1238.207,true
73,segment-0073.ts,playlist-derived,2000,Node-legacy,single-peer,legacy-p2p-first,peer_selected,401.102,,,false,peer,401.102,true
74,segment-0074.ts,playlist-derived,2000,Node-legacy,single-peer,legacy-p2p-first,peer_selected,677.139,,,false,peer,677.139,true
75,segment-0075.ts,player-derived,6000,Node-legacy,single-peer,legacy-p2p-first,peer_selected,142.216,,,false,peer,142.216,true
76,segment-0076.ts,unknown,2500,Node-legacy,single-peer,legacy-p2p-first,peer_selected,804.721,,,false,peer,804.721,true
77,segment-0077.ts,unknown,2500,Node-legacy,single-peer,legacy-p2p-first,peer_selected,,960.136,,false,origin,960.136,true
78,segment-0078.ts,player-derived,6000,Node-legacy,single-peer,legacy-p2p-first,peer_selected,1052.702,,,false,peer,1052.702,true
79,segment-0079.ts,playlist-derived,2000,Node-legacy,single-peer,legacy-p2p-first,peer_selected,1066.493,,,false,peer,1066.493,true
80,segment-0080.ts,player-derived,6000,Node-legacy,single-peer,legacy-p2p-first,peer_selected,404.978,,,false,peer,404.978,true
81,segment-0081.ts,player-derived,6000,Node-legacy,single-peer,legacy-p2p-first,peer_selected,1088.73,,,false,peer,1088.73,true
82,segment-0082.ts,playlist-derived,2000,Node-legacy,single-peer,legacy-p2p-first,peer_selected,629.224,,,false,peer,629.224,true
83,segment-0083.ts,playlist-derived,2000,Node-legacy,single-peer,legacy-p2p-first,peer_selected,863.115,,,false,peer,863.115,true
84,segment-0084.ts,unknown,2500,Node-legacy,single-peer,legacy-p2p-first,peer_selected,1000.377,,,false,peer,1000.377,true
85,segment-0085.ts,playlist-derived,2000,Node-legacy,single-peer,legacy-p2p-first,peer_selected,864.732,,,false,peer,864.732,true
86,segment-0086.ts,unknown,2500,Node-legacy,single-peer,legacy-p2p-first,peer_selected,341.954,,,false,peer,341.954,true
87,segment-0087.ts,synthetic,500,Node-legacy,single-peer,legacy-p2p-first,peer_selected,,1220.915,,false,origin,1220.915,false
88,segment-0088.ts,playlist-derived,2000,Node-legacy,single-peer,legacy-p2p-first,peer_selected,646.173,,,false,peer,646.173,true
89,segment-0089.ts,synthetic,500,Node-legacy,single-peer,legacy-p2p-first,peer_selected,78.255,,,false,peer,78.255,true
90,segment-0090.ts,synthetic,500,Node-legacy,single-peer,legacy-p2p-first,peer_selected,330.086,,,false,peer,330.086,true
91,segment-0091.ts,playlist-derived,2000,Node-legacy,single-peer,legacy-p2p-first,peer_selected,,916.354,,false,origin,916.354,true
92,segment-0092.ts,playlist-derived,2000,Node-legacy,single-peer,legacy-p2p-first,peer_selected,658.932,,,false,peer,658.932,true
93,segment-0093.ts,playlist-derived,2000,Node-legacy,single-peer,legacy-p2p-first,peer_selected,918.122,,,false,peer,918.122,true
94,segment-0094.ts,playlist-derived,2000,Node-legacy,single-peer,legacy-p2p-first,peer_selected,247.763,,,false,peer,247.763,true
95,segment-0095.ts,player-derived,6000,Node-legacy,single-peer,legacy-p2p-first,peer_selected,,605.204,,false,origin,605.204,true
96,segment-0096.ts,player-derived,6000,Node-legacy,single-peer,legacy-p2p-first,peer_selected,,1385.932,,false,origin,1385.932,true
97,segment-0097.ts,player-derived,6000,Node-legacy,single-peer,legacy-p2p-first,peer_selected,1166.849,,,false,peer,1166.849,true
98,segment-0098.ts,playlist-derived,2000,Node-legacy,single-peer,legacy-p2p-first,peer_selected,900.708,,,false,peer,900.708,true
99,segment-0099.ts,unknown,2500,Node-legacy,single-peer,legacy-p2p-first,peer_selected,601.14,,,false,peer,601.14,true
100,segment-0100.ts,synthetic,500,Node-legacy,single-peer,legacy-p2p-first,peer_selected,659.947,,,false,peer,659.947,false
101,segment-0101.ts,synthetic,500,Node-legacy,single-peer,legacy-p2p-first,peer_selected,1358.323,,,false,peer,1358.323,false
102,segment-0102.ts,player-derived,6000,Node-legacy,single-peer,legacy-p2p-first,peer_selected,190.749,,,false,peer,190.749,true
103,segment-0103.ts,player-derived,6000,Node-legacy,single-peer,legacy-p2p-first,peer_selected,769.12,,,false,peer,769.12,true
104,segment-0104.ts,playlist-derived,2000,Node-legacy,single-peer,legacy-p2p-first,peer_selected,460.156,,,false,peer,460.156,true
105,segment-0105.ts,player-derived,6000,Node-legacy,single-peer,legacy-p2p-first,peer_selected,758.578,,,false,peer,758.578,true
106,segment-0106.ts,player-derived,6000,Node-legacy,single-peer,legacy-p2p-first,peer_selected,,1337.02,,false,origin,1337.02,true
107,segment-0107.ts,unknown,2500,Node-legacy,single-peer,legacy-p2p-first,peer_selected,946.09,,,false,peer,946.09,true
108,segment-0108.ts,synthetic,500,Node-legacy,single-peer,legacy-p2p-first,peer_selected,594.08,,,false,peer,594.08,false
109,segment-0109.ts,synthetic,500,Node-legacy,single-peer,legacy-p2p-first,peer_selected,,1456.974,,false,origin,1456.974,false
110,segment-0110.ts,player-derived,6000,Node-legacy,single-peer,legacy-p2p-first,peer_selected,656.327,,,false,peer,656.327,true
111,segment-0111.ts,synthetic,500,Node-legacy,single-peer,legacy-p2p-first,peer_selected,853.284,,,false,peer,853.284,false
112,segment-0112.ts,synthetic,500,Node-legacy,single-peer,legacy-p2p-first,peer_selected,,1240.513,,false,origin,1240.513,false
113,segment-0113.ts,player-derived,6000,Node-legacy,single-peer,legacy-p2p-first,peer_selected,685.03,,,false,peer,685.03,true
114,segment-0114.ts,unknown,2500,Node-legacy,single-peer,legacy-p2p-first,peer_selected,868.46,,,false,peer,868.46,true
115,segment-0115.ts,playlist-derived,2000,Node-legacy,single-peer,legacy-p2p-first,peer_selected,760.406,,,false,peer,760.406,true
116,segment-0116.ts,synthetic,500,Node-legacy,single-peer,legacy-p2p-first,peer_selected,620.337,,,false,peer,620.337,false
117,segment-0117.ts,unknown,2500,Node-legacy,single-peer,legacy-p2p-first,peer_selected,428.223,,,false,peer,428.223,true
118,segment-0118.ts,synthetic,500,Node-legacy,single-peer,legacy-p2p-first,peer_selected,1245.2,,,false,peer,1245.2,false
119,segment-0119.ts,playlist-derived,2000,Node-legacy,single-peer,legacy-p2p-first,peer_selected,,1179.81,,false,origin,1179.81,true
120,segment-0120.ts,synthetic,500,Node-legacy,single-peer,legacy-p2p-first,peer_selected,874.5,,,false,peer,874.5,false
121,segment-0121.ts,synthetic,500,Node-legacy,single-peer,legacy-p2p-first,peer_selected,488.374,,,false,peer,488.374,true
122,segment-0122.ts,playlist-derived,2000,Node-legacy,single-peer,legacy-p2p-first,peer_selected,854.006,,,false,peer,854.006,true
123,segment-0123.ts,player-derived,6000,Node-legacy,single-peer,legacy-p2p-first,peer_selected,1222.964,,,false,peer,1222.964,true
124,segment-0124.ts,player-derived,6000,Node-legacy,single-peer,legacy-p2p-first,peer_selected,758.211,,,false,peer,758.211,true
125,segment-0125.ts,unknown,2500,Node-legacy,single-peer,legacy-p2p-first,peer_selected,947.724,,,false,peer,947.724,true
126,segment-0126.ts,playlist-derived,2000,Node-legacy,single-peer,legacy-p2p-first,peer_selected,1002.82,,,false,peer,1002.82,true
127,segment-0127.ts,synthetic,500,Node-legacy,single-peer,legacy-p2p-first,peer_selected,582.633,,,false,peer,582.633,false
128,segment-0128.ts,unknown,2500,Node-legacy,single-peer,legacy-p2p-first,peer_selected,347.059,,,false,peer,347.059,true
129,segment-0129.ts,unknown,2500,Node-legacy,single-peer,legacy-p2p-first,peer_selected,591.587,,,false,peer,591.587,true
130,segment-0130.ts,unknown,2500,Node-legacy,single-peer,legacy-p2p-first,peer_selected,1201.703,,,false,peer,1201.703,true
131,segment-0131.ts,unknown,2500,Node-legacy,single-peer,legacy-p2p-first,peer_selected,,1151.475,,false,origin,1151.475,true
132,segment-0132.ts,player-derived,6000,Node-legacy,single-peer,legacy-p2p-first,peer_selected,,917.757,,false,origin,917.757,true
133,segment-0133.ts,player-derived,6000,Node-legacy,single-peer,legacy-p2p-first,peer_selected,,1148.74,,false,origin,1148.74,true
134,segment-0134.ts,playlist-derived,2000,Node-legacy,single-peer,legacy-p2p-first,peer_selected,703.642,,,false,peer,703.642,true
135,segment-0135.ts,player-derived,6000,Node-legacy,single-peer,legacy-p2p-first,peer_selected,1142.19,,,false,peer,1142.19,true
136,segment-0136.ts,playlist-derived,2000,Node-legacy,single-peer,legacy-p2p-first,peer_selected,866.012,,,false,peer,866.012,true
137,segment-0137.ts,unknown,2500,Node-legacy,single-peer,legacy-p2p-first,peer_selected,1175.752,,,false,peer,1175.752,true
138,segment-0138.ts,player-derived,6000,Node-legacy,single-peer,legacy-p2p-first,peer_selected,1028.632,,,false,peer,1028.632,true
139,segment-0139.ts,player-derived,6000,Node-legacy,single-peer,legacy-p2p-first,peer_selected,,1363.262,,false,origin,1363.262,true
140,segment-0140.ts,player-derived,6000,Node-legacy,single-peer,legacy-p2p-first,peer_selected,551.506,,,false,peer,551.506,true
141,segment-0141.ts,unknown,2500,Node-legacy,single-peer,legacy-p2p-first,peer_selected,1136.759,,,false,peer,1136.759,true
142,segment-0142.ts,player-derived,6000,Node-legacy,single-peer,legacy-p2p-first,peer_selected,315.198,,,false,peer,315.198,true
143,segment-0143.ts,playlist-derived,2000,Node-legacy,single-peer,legacy-p2p-first,peer_selected,704.815,,,false,peer,704.815,true
144,segment-0144.ts,unknown,2500,Node-legacy,single-peer,legacy-p2p-first,peer_selected,,1765.922,,false,origin,1765.922,true
145,segment-0145.ts,playlist-derived,2000,Node-legacy,single-peer,legacy-p2p-first,peer_selected,,441.51,,false,origin,441.51,true
146,segment-0146.ts,playlist-derived,2000,Node-legacy,single-peer,legacy-p2p-first,peer_selected,,1128.498,,false,origin,1128.498,true
147,segment-0147.ts,synthetic,500,Node-legacy,single-peer,legacy-p2p-first,peer_selected,1149.278,,,false,peer,1149.278,false
148,segment-0148.ts,unknown,2500,Node-legacy,single-peer,legacy-p2p-first,peer_selected,1132.052,,,false,peer,1132.052,true
149,segment-0149.ts,synthetic,500,Node-legacy,single-peer,legacy-p2p-first,peer_selected,733.134,,,false,peer,733.134,false
150,segment-0150.ts,playlist-derived,2000,Node-legacy,single-peer,legacy-p2p-first,peer_selected,,1432.796,,false,origin,1432.796,true
151,segment-0151.ts,synthetic,500,Node-legacy,single-peer,legacy-p2p-first,peer_selected,968.456,,,false,peer,968.456,false
152,segment-0152.ts,synthetic,500,Node-legacy,single-peer,legacy-p2p-first,peer_selected,,1170.06,,false,origin,1170.06,false
153,segment-0153.ts,synthetic,500,Node-legacy,single-peer,legacy-p2p-first,peer_selected,591.383,,,false,peer,591.383,false
154,segment-0154.ts,playlist-derived,2000,Node-legacy,single-peer,legacy-p2p-first,peer_selected,895.602,,,false,peer,895.602,true
155,segment-0155.ts,playlist-derived,2000,Node-legacy,single-peer,legacy-p2p-first,peer_selected,650.695,,,false,peer,650.695,true
156,segment-0156.ts,playlist-derived,2000,Node-legacy,single-peer,legacy-p2p-first,peer_selected,647.272,,,false,peer,647.272,true
157,segment-0157.ts,unknown,2500,Node-legacy,single-peer,legacy-p2p-first,peer_selected,368.894,,,false,peer,368.894,true
158,segment-0158.ts,synthetic,500,Node-legacy,single-peer,legacy-p2p-first,peer_selected,544.923,,,false,peer,544.923,false
159,segment-0159.ts,playlist-derived,2000,Node-legacy,single-peer,legacy-p2p-first,peer_selected,652.38,,,false,peer,652.38,true
160,segment-0160.ts,synthetic,500,Node-legacy,single-peer,legacy-p2p-first,peer_selected,,843.135,,false,origin,843.135,false
161,segment-0161.ts,playlist-derived,2000,Node-legacy,single-peer,legacy-p2p-first,peer_selected,534.899,,,false,peer,534.899,true
162,segment-0162.ts,playlist-derived,2000,Node-legacy,single-peer,legacy-p2p-first,peer_selected,1198.756,,,false,peer,1198.756,true
163,segment-0163.ts,playlist-derived,2000,Node-legacy,single-peer,legacy-p2p-first,peer_selected,488.161,,,false,peer,488.161,true
164,segment-0164.ts,player-derived,6000,Node-legacy,single-peer,legacy-p2p-first,peer_selected,1119.248,,,false,peer,1119.248,true
165,segment-0165.ts,playlist-derived,2000,Node-legacy,single-peer,legacy-p2p-first,peer_selected,831.276,,,false,peer,831.276,true
166,segment-0166.ts,playlist-derived,2000,Node-legacy,single-peer,legacy-p2p-first,peer_selected,,1332.578,,false,origin,1332.578,true
167,segment-0167.ts,player-derived,6000,Node-legacy,single-peer,legacy-p2p-first,peer_selected,,1248.828,,false,origin,1248.828,true
168,segment-0168.ts,playlist-derived,2000,Node-legacy,single-peer,legacy-p2p-first,peer_selected,,979.959,,false,origin,979.959,true
169,segment-0169.ts,synthetic,500,Node-legacy,single-peer,legacy-p2p-first,peer_selected,1075.495,,,false,peer,1075.495,false
170,segment-0170.ts,player-derived,6000,Node-legacy,single-peer,legacy-p2p-first,peer_selected,,750.705,,false,origin,750.705,true
171,segment-0171.ts,player-derived,6000,Node-legacy,single-peer,legacy-p2p-first,peer_selected,811.239,,,false,peer,811.239,true
172,segment-0172.ts,player-derived,6000,Node-legacy,single-peer,legacy-p2p-first,peer_selected,825.418,,,false,peer,825.418,true
173,segment-0173.ts,playlist-derived,2000,Node-legacy,single-peer,legacy-p2p-first,peer_selected,,1273.316,,false,origin,1273.316,true
174,segment-0174.ts,playlist-derived,2000,Node-legacy,single-peer,legacy-p2p-first,peer_selected,846.68,,,false,peer,846.68,true
175,segment-0175.ts,player-derived,6000,Node-legacy,single-peer,legacy-p2p-first,peer_selected,,1603.507,,false,origin,1603.507,true
176,segment-0176.ts,synthetic,500,Node-legacy,single-peer,legacy-p2p-first,peer_selected,573.385,,,false,peer,573.385,false
177,segment-0177.ts,synthetic,500,Node-legacy,single-peer,legacy-p2p-first,peer_selected,833.695,,,false,peer,833.695,false
178,segment-0178.ts,unknown,2500,Node-legacy,single-peer,legacy-p2p-first,peer_selected,618.546,,,false,peer,618.546,true
179,segment-0179.ts,unknown,2500,Node-legacy,single-peer,legacy-p2p-first,peer_selected,,1293.018,,false,origin,1293.018,true
180,segment-0180.ts,synthetic,500,Node-legacy,single-peer,legacy-p2p-first,peer_selected,1360.696,,,false,peer,1360.696,false
181,segment-0181.ts,player-derived,6000,Node-legacy,single-peer,legacy-p2p-first,peer_selected,1064.026,,,false,peer,1064.026,true
182,segment-0182.ts,synthetic,500,Node-legacy,single-peer,legacy-p2p-first,peer_selected,591.347,,,false,peer,591.347,false
183,segment-0183.ts,playlist-derived,2000,Node-legacy,single-peer,legacy-p2p-first,peer_selected,740.949,,,false,peer,740.949,true
184,segment-0184.ts,playlist-derived,2000,Node-legacy,single-peer,legacy-p2p-first,peer_selected,,1236.929,,false,origin,1236.929,true
185,segment-0185.ts,player-derived,6000,Node-legacy,single-peer,legacy-p2p-first,peer_selected,1155.722,,,false,peer,1155.722,true
186,segment-0186.ts,synthetic,500,Node-legacy,single-peer,legacy-p2p-first,peer_selected,,1209.246,,false,origin,1209.246,false
187,segment-0187.ts,player-derived,6000,Node-legacy,single-peer,legacy-p2p-first,peer_selected,1134.831,,,false,peer,1134.831,true
188,segment-0188.ts,unknown,2500,Node-legacy,single-peer,legacy-p2p-first,peer_selected,1015.236,,,false,peer,1015.236,true
189,segment-0189.ts,synthetic,500,Node-legacy,single-peer,legacy-p2p-first,peer_selected,755.718,,,false,peer,755.718,false
190,segment-0190.ts,synthetic,500,Node-legacy,single-peer,legacy-p2p-first,peer_selected,,1120.243,,false,origin,1120.243,false
191,segment-0191.ts,playlist-derived,2000,Node-legacy,single-peer,legacy-p2p-first,peer_selected,694.82,,,false,peer,694.82,true
192,segment-0192.ts,synthetic,500,Node-legacy,single-peer,legacy-p2p-first,peer_selected,1183.223,,,false,peer,1183.223,false
193,segment-0193.ts,unknown,2500,Node-legacy,single-peer,legacy-p2p-first,peer_selected,665.393,,,false,peer,665.393,true
194,segment-0194.ts,unknown,2500,Node-legacy,single-peer,legacy-p2p-first,peer_selected,837.711,,,false,peer,837.711,true
195,segment-0195.ts,player-derived,6000,Node-legacy,single-peer,legacy-p2p-first,peer_selected,1108.42,,,false,peer,1108.42,true
196,segment-0196.ts,playlist-derived,2000,Node-legacy,single-peer,legacy-p2p-first,peer_selected,718.156,,,false,peer,718.156,true
197,segment-0197.ts,player-derived,6000,Node-legacy,single-peer,legacy-p2p-first,peer_selected,943.114,,,false,peer,943.114,true
198,segment-0198.ts,playlist-derived,2000,Node-legacy,single-peer,legacy-p2p-first,peer_selected,1331.017,,,false,peer,1331.017,true
199,segment-0199.ts,unknown,2500,Node-legacy,single-peer,legacy-p2p-first,peer_selected,1028.119,,,false,peer,1028.119,true
200,segment-0200.ts,player-derived,6000,Node-legacy,single-peer,legacy-p2p-first,peer_selected,690.043,,,false,peer,690.043,true
201,segment-0201.ts,playlist-derived,2000,Node-legacy,single-peer,legacy-p2p-first,peer_selected,710.525,,,false,peer,710.525,true
202,segment-0202.ts,playlist-derived,2000,Node-legacy,single-peer,legacy-p2p-first,peer_selected,401.15,,,false,peer,401.15,true
203,segment-0203.ts,unknown,2500,Node-legacy,single-peer,legacy-p2p-first,peer_selected,818.004,,,false,peer,818.004,true
204,segment-0204.ts,unknown,2500,Node-legacy,single-peer,legacy-p2p-first,peer_selected,,1685.157,,false,origin,1685.157,true
205,segment-0205.ts,playlist-derived,2000,Node-legacy,single-peer,legacy-p2p-first,peer_selected,985.736,,,false,peer,985.736,true
206,segment-0206.ts,player-derived,6000,Node-legacy,single-peer,legacy-p2p-first,peer_selected,495.44,,,false,peer,495.44,true
207,segment-0207.ts,player-derived,6000,Node-legacy,single-peer,legacy-p2p-first,peer_selected,444.484,,,false,peer,444.484,true
208,segment-0208.ts,unknown,2500,Node-legacy,single-peer,legacy-p2p-first,peer_selected,341.148,,,false,peer,341.148,true
209,segment-0209.ts,synthetic,500,Node-legacy,single-peer,legacy-p2p-first,peer_selected,739.494,,,false,peer,739.494,false
210,segment-0210.ts,playlist-derived,2000,Node-legacy,single-peer,legacy-p2p-first,peer_selected,591.725,,,false,peer,591.725,true
211,segment-0211.ts,unknown,2500,Node-legacy,single-peer,legacy-p2p-first,peer_selected,743.643,,,false,peer,743.643,true
212,segment-0212.ts,player-derived,6000,Node-legacy,single-peer,legacy-p2p-first,peer_selected,,1508.797,,false,origin,1508.797,true
213,segment-0213.ts,playlist-derived,2000,Node-legacy,single-peer,legacy-p2p-first,peer_selected,,1380.029,,false,origin,1380.029,true
214,segment-0214.ts,player-derived,6000,Node-legacy,single-peer,legacy-p2p-first,peer_selected,239.936,,,false,peer,239.936,true
215,segment-0215.ts,unknown,2500,Node-legacy,single-peer,legacy-p2p-first,peer_selected,562.293,,,false,peer,562.293,true
216,segment-0216.ts,playlist-derived,2000,Node-legacy,single-peer,legacy-p2p-first,peer_selected,,861.635,,false,origin,861.635,true
217,segment-0217.ts,synthetic,500,Node-legacy,single-peer,legacy-p2p-first,peer_selected,1244.157,,,false,peer,1244.157,false
218,segment-0218.ts,player-derived,6000,Node-legacy,single-peer,legacy-p2p-first,peer_selected,487.308,,,false,peer,487.308,true
219,segment-0219.ts,synthetic,500,Node-legacy,single-peer,legacy-p2p-first,peer_selected,875.227,,,false,peer,875.227,false
220,segment-0220.ts,unknown,2500,Node-legacy,single-peer,legacy-p2p-first,peer_selected,1334.615,,,false,peer,1334.615,true
221,segment-0221.ts,playlist-derived,2000,Node-legacy,single-peer,legacy-p2p-first,peer_selected,917.568,,,false,peer,917.568,true
222,segment-0222.ts,unknown,2500,Node-legacy,single-peer,legacy-p2p-first,peer_selected,1217.775,,,false,peer,1217.775,true
223,segment-0223.ts,player-derived,6000,Node-legacy,single-peer,legacy-p2p-first,peer_selected,,1321.742,,false,origin,1321.742,true
224,segment-0224.ts,player-derived,6000,Node-legacy,single-peer,legacy-p2p-first,peer_selected,789.452,,,false,peer,789.452,true
225,segment-0225.ts,player-derived,6000,Node-legacy,single-peer,legacy-p2p-first,peer_selected,,1665.912,,false,origin,1665.912,true
226,segment-0226.ts,player-derived,6000,Node-legacy,single-peer,legacy-p2p-first,peer_selected,923.645,,,false,peer,923.645,true
227,segment-0227.ts,synthetic,500,Node-legacy,single-peer,legacy-p2p-first,peer_selected,281.632,,,false,peer,281.632,true
228,segment-0228.ts,unknown,2500,Node-legacy,single-peer,legacy-p2p-first,peer_selected,822.151,,,false,peer,822.151,true
229,segment-0229.ts,playlist-derived,2000,Node-legacy,single-peer,legacy-p2p-first,peer_selected,978.32,,,false,peer,978.32,true
230,segment-0230.ts,playlist-derived,2000,Node-legacy,single-peer,legacy-p2p-first,peer_selected,239.297,,,false,peer,239.297,true
231,segment-0231.ts,synthetic,500,Node-legacy,single-peer,legacy-p2p-first,peer_selected,,1656.945,,false,origin,1656.945,false
232,segment-0232.ts,synthetic,500,Node-legacy,single-peer,legacy-p2p-first,peer_selected,597.147,,,false,peer,597.147,false
233,segment-0233.ts,player-derived,6000,Node-legacy,single-peer,legacy-p2p-first,peer_selected,,1178.97,,false,origin,1178.97,true
234,segment-0234.ts,unknown,2500,Node-legacy,single-peer,legacy-p2p-first,peer_selected,1365.967,,,false,peer,1365.967,true
235,segment-0235.ts,player-derived,6000,Node-legacy,single-peer,legacy-p2p-first,peer_selected,,1472.1,,false,origin,1472.1,true
236,segment-0236.ts,player-derived,6000,Node-legacy,single-peer,legacy-p2p-first,peer_selected,1546.023,,,false,peer,1546.023,true
237,segment-0237.ts,unknown,2500,Node-legacy,single-peer,legacy-p2p-first,peer_selected,1036.052,,,false,peer,1036.052,true
238,segment-0238.ts,playlist-derived,2000,Node-legacy,single-peer,legacy-p2p-first,peer_selected,555.867,,,false,peer,555.867,true
239,segment-0239.ts,playlist-derived,2000,Node-legacy,single-peer,legacy-p2p-first,peer_selected,533.797,,,false,peer,533.797,true
240,segment-0240.ts,synthetic,500,Node-legacy,single-peer,legacy-p2p-first,peer_selected,869.815,,,false,peer,869.815,false
241,segment-0241.ts,unknown,2500,Node-legacy,single-peer,legacy-p2p-first,peer_selected,,686.515,,false,origin,686.515,true
242,segment-0242.ts,unknown,2500,Node-legacy,single-peer,legacy-p2p-first,peer_selected,454.214,,,false,peer,454.214,true
243,segment-0243.ts,playlist-derived,2000,Node-legacy,single-peer,legacy-p2p-first,peer_selected,579.045,,,false,peer,579.045,true
244,segment-0244.ts,synthetic,500,Node-legacy,single-peer,legacy-p2p-first,peer_selected,,902.839,,false,origin,902.839,false
245,segment-0245.ts,unknown,2500,Node-legacy,single-peer,legacy-p2p-first,peer_selected,476.157,,,false,peer,476.157,true
246,segment-0246.ts,unknown,2500,Node-legacy,single-peer,legacy-p2p-first,peer_selected,720.79,,,false,peer,720.79,true
247,segment-0247.ts,playlist-derived,2000,Node-legacy,single-peer,legacy-p2p-first,peer_selected,289.115,,,false,peer,289.115,true
248,segment-0248.ts,playlist-derived,2000,Node-legacy,single-peer,legacy-p2p-first,peer_selected,645.63,,,false,peer,645.63,true
249,segment-0249.ts,synthetic,500,Node-legacy,single-peer,legacy-p2p-first,peer_selected,657.15,,,false,peer,657.15,false
250,segment-0250.ts,playlist-derived,2000,Node-legacy,single-peer,legacy-p2p-first,peer_selected,662.016,,,false,peer,662.016,true
251,segment-0251.ts,unknown,2500,Node-legacy,single-peer,legacy-p2p-first,peer_selected,,893.568,,false,origin,893.568,true
252,segment-0252.ts,synthetic,500,Node-legacy,single-peer,legacy-p2p-first,peer_selected,569.026,,,false,peer,569.026,false
253,segment-0253.ts,synthetic,500,Node-legacy,single-peer,legacy-p2p-first,peer_selected,1422.146,,,false,peer,1422.146,false
254,segment-0254.ts,playlist-derived,2000,Node-legacy,single-peer,legacy-p2p-first,peer_selected,566.668,,,false,peer,566.668,true
255,segment-0255.ts,playlist-derived,2000,Node-legacy,single-peer,legacy-p2p-first,peer_selected,1069.777,,,false,peer,1069.777,true
256,segment-0256.ts,unknown,2500,Node-legacy,single-peer,legacy-p2p-first,peer_selected,379.309,,,false,peer,379.309,true
257,segment-0257.ts,playlist-derived,2000,Node-legacy,single-peer,legacy-p2p-first,peer_selected,656.813,,,false,peer,656.813,true
258,segment-0258.ts,synthetic,500,Node-legacy,single-peer,legacy-p2p-first,peer_selected,1087.963,,,false,peer,1087.963,false
259,segment-0259.ts,player-derived,6000,Node-legacy,single-peer,legacy-p2p-first,peer_selected,,627.602,,false,origin,627.602,true
260,segment-0260.ts,player-derived,6000,Node-legacy,single-peer,legacy-p2p-first,peer_selected,1285.807,,,false,peer,1285.807,true
261,segment-0261.ts,synthetic,500,Node-legacy,single-peer,legacy-p2p-first,peer_selected,,1071.625,,false,origin,1071.625,false
262,segment-0262.ts,playlist-derived,2000,Node-legacy,single-peer,legacy-p2p-first,peer_selected,1184.899,,,false,peer,1184.899,true
263,segment-0263.ts,playlist-derived,2000,Node-legacy,single-peer,legacy-p2p-first,peer_selected,778.401,,,false,peer,778.401,true
264,segment-0264.ts,player-derived,6000,Node-legacy,single-peer,legacy-p2p-first,peer_selected,1025.966,,,false,peer,1025.966,true
265,segment-0265.ts,synthetic,500,Node-legacy,single-peer,legacy-p2p-first,peer_selected,591.145,,,false,peer,591.145,false
266,segment-0266.ts,unknown,2500,Node-legacy,single-peer,legacy-p2p-first,peer_selected,433.404,,,false,peer,433.404,true
267,segment-0267.ts,synthetic,500,Node-legacy,single-peer,legacy-p2p-first,peer_selected,983.936,,,false,peer,983.936,false
268,segment-0268.ts,synthetic,500,Node-legacy,single-peer,legacy-p2p-first,peer_selected,,1006.062,,false,origin,1006.062,false
269,segment-0269.ts,player-derived,6000,Node-legacy,single-peer,legacy-p2p-first,peer_selected,,965.931,,false,origin,965.931,true
270,segment-0270.ts,playlist-derived,2000,Node-legacy,single-peer,legacy-p2p-first,peer_selected,250.8,,,false,peer,250.8,true
271,segment-0271.ts,unknown,2500,Node-legacy,single-peer,legacy-p2p-first,peer_selected,1027.468,,,false,peer,1027.468,true
272,segment-0272.ts,synthetic,500,Node-legacy,single-peer,legacy-p2p-first,peer_selected,1089.368,,,false,peer,1089.368,false
273,segment-0273.ts,player-derived,6000,Node-legacy,single-peer,legacy-p2p-first,peer_selected,939.591,,,false,peer,939.591,true
274,segment-0274.ts,playlist-derived,2000,Node-legacy,single-peer,legacy-p2p-first,peer_selected,530.394,,,false,peer,530.394,true
275,segment-0275.ts,player-derived,6000,Node-legacy,single-peer,legacy-p2p-first,peer_selected,684.673,,,false,peer,684.673,true
276,segment-0276.ts,playlist-derived,2000,Node-legacy,single-peer,legacy-p2p-first,peer_selected,1225.484,,,false,peer,1225.484,true
277,segment-0277.ts,synthetic,500,Node-legacy,single-peer,legacy-p2p-first,peer_selected,,1012.334,,false,origin,1012.334,false
278,segment-0278.ts,unknown,2500,Node-legacy,single-peer,legacy-p2p-first,peer_selected,,914.944,,false,origin,914.944,true
279,segment-0279.ts,synthetic,500,Node-legacy,single-peer,legacy-p2p-first,peer_selected,,1031.556,,false,origin,1031.556,false
280,segment-0280.ts,unknown,2500,Node-legacy,single-peer,legacy-p2p-first,peer_selected,997.393,,,false,peer,997.393,true
281,segment-0281.ts,player-derived,6000,Node-legacy,single-peer,legacy-p2p-first,peer_selected,451.431,,,false,peer,451.431,true
282,segment-0282.ts,player-derived,6000,Node-legacy,single-peer,legacy-p2p-first,peer_selected,578.541,,,false,peer,578.541,true
283,segment-0283.ts,player-derived,6000,Node-legacy,single-peer,legacy-p2p-first,peer_selected,716.832,,,false,peer,716.832,true
284,segment-0284.ts,unknown,2500,Node-legacy,single-peer,legacy-p2p-first,peer_selected,,1126.507,,false,origin,1126.507,true
285,segment-0285.ts,playlist-derived,2000,Node-legacy,single-peer,legacy-p2p-first,peer_selected,,1243.693,,false,origin,1243.693,true
286,segment-0286.ts,player-derived,6000,Node-legacy,single-peer,legacy-p2p-first,peer_selected,539.785,,,false,peer,539.785,true
287,segment-0287.ts,playlist-derived,2000,Node-legacy,single-peer,legacy-p2p-first,peer_selected,,955.604,,false,origin,955.604,true
288,segment-0288.ts,player-derived,6000,Node-legacy,single-peer,legacy-p2p-first,peer_selected,1317.611,,,false,peer,1317.611,true
289,segment-0289.ts,playlist-derived,2000,Node-legacy,single-peer,legacy-p2p-first,peer_selected,923.532,,,false,peer,923.532,true
290,segment-0290.ts,synthetic,500,Node-legacy,single-peer,legacy-p2p-first,peer_selected,939.806,,,false,peer,939.806,false
291,segment-0291.ts,playlist-derived,2000,Node-legacy,single-peer,legacy-p2p-first,peer_selected,,986.878,,false,origin,986.878,true
292,segment-0292.ts,player-derived,6000,Node-legacy,single-peer,legacy-p2p-first,peer_selected,1029.936,,,false,peer,1029.936,true
293,segment-0293.ts,unknown,2500,Node-legacy,single-peer,legacy-p2p-first,peer_selected,,1279.471,,false,origin,1279.471,true
294,segment-0294.ts,unknown,2500,Node-legacy,single-peer,legacy-p2p-first,peer_selected,784.14,,,false,peer,784.14,true
295,segment-0295.ts,player-derived,6000,Node-legacy,single-peer,legacy-p2p-first,peer_selected,1379.541,,,false,peer,1379.541,true
296,segment-0296.ts,synthetic,500,Node-legacy,single-peer,legacy-p2p-first,peer_selected,160.999,,,false,peer,160.999,true
297,segment-0297.ts,synthetic,500,Node-legacy,single-peer,legacy-p2p-first,peer_selected,825.203,,,false,peer,825.203,false
298,segment-0298.ts,player-derived,6000,Node-legacy,single-peer,legacy-p2p-first,peer_selected,779.731,,,false,peer,779.731,true
299,segment-0299.ts,playlist-derived,2000,Node-legacy,single-peer,legacy-p2p-first,peer_selected,1302.528,,,false,peer,1302.528,true
300,segment-0300.ts,synthetic,500,Node-legacy,single-peer,legacy-p2p-first,peer_selected,920.856,,,false,peer,920.856,false
301,segment-0301.ts,playlist-derived,2000,Node-legacy,single-peer,legacy-p2p-first,peer_selected,439.37,,,false,peer,439.37,true
302,segment-0302.ts,player-derived,6000,Node-legacy,single-peer,legacy-p2p-first,peer_selected,648.053,,,false,peer,648.053,true
303,segment-0303.ts,playlist-derived,2000,Node-legacy,single-peer,legacy-p2p-first,peer_selected,756.382,,,false,peer,756.382,true
304,segment-0304.ts,playlist-derived,2000,Node-legacy,single-peer,legacy-p2p-first,peer_selected,732.836,,,false,peer,732.836,true
305,segment-0305.ts,playlist-derived,2000,Node-legacy,single-peer,legacy-p2p-first,peer_selected,563.859,,,false,peer,563.859,true
306,segment-0306.ts,player-derived,6000,Node-legacy,single-peer,legacy-p2p-first,peer_selected,,1270.425,,false,origin,1270.425,true
307,segment-0307.ts,playlist-derived,2000,Node-legacy,single-peer,legacy-p2p-first,peer_selected,389.585,,,false,peer,389.585,true
308,segment-0308.ts,playlist-derived,2000,Node-legacy,single-peer,legacy-p2p-first,peer_selected,632.347,,,false,peer,632.347,true
309,segment-0309.ts,playlist-derived,2000,Node-legacy,single-peer,legacy-p2p-first,peer_selected,1310.29,,,false,peer,1310.29,true
310,segment-0310.ts,playlist-derived,2000,Node-legacy,single-peer,legacy-p2p-first,peer_selected,1022.739,,,false,peer,1022.739,true
311,segment-0311.ts,unknown,2500,Node-legacy,single-peer,legacy-p2p-first,peer_selected,797.969,,,false,peer,797.969,true
312,segment-0312.ts,playlist-derived,2000,Node-legacy,single-peer,legacy-p2p-first,peer_selected,380.415,,,false,peer,380.415,true
313,segment-0313.ts,playlist-derived,2000,Node-legacy,single-peer,legacy-p2p-first,peer_selected,399.069,,,false,peer,399.069,true
314,segment-0314.ts,player-derived,6000,Node-legacy,single-peer,legacy-p2p-first,peer_selected,548.361,,,false,peer,548.361,true
315,segment-0315.ts,player-derived,6000,Node-legacy,single-peer,legacy-p2p-first,peer_selected,932.958,,,false,peer,932.958,true
316,segment-0316.ts,playlist-derived,2000,Node-legacy,single-peer,legacy-p2p-first,peer_selected,768.689,,,false,peer,768.689,true
317,segment-0317.ts,unknown,2500,Node-legacy,single-peer,legacy-p2p-first,peer_selected,352.153,,,false,peer,352.153,true
318,segment-0318.ts,playlist-derived,2000,Node-legacy,single-peer,legacy-p2p-first,peer_selected,775.404,,,false,peer,775.404,true
319,segment-0319.ts,synthetic,500,Node-legacy,single-peer,legacy-p2p-first,peer_selected,1086.631,,,false,peer,1086.631,false
320,segment-0320.ts,player-derived,6000,Node-legacy,single-peer,legacy-p2p-first,peer_selected,,1069.713,,false,origin,1069.713,true
321,segment-0321.ts,unknown,2500,Node-legacy,single-peer,legacy-p2p-first,peer_selected,606.654,,,false,peer,606.654,true
322,segment-0322.ts,player-derived,6000,Node-legacy,single-peer,legacy-p2p-first,peer_selected,652.767,,,false,peer,652.767,true
323,segment-0323.ts,player-derived,6000,Node-legacy,single-peer,legacy-p2p-first,peer_selected,355.991,,,false,peer,355.991,true
324,segment-0324.ts,playlist-derived,2000,Node-legacy,single-peer,legacy-p2p-first,peer_selected,,1243.469,,false,origin,1243.469,true
325,segment-0325.ts,synthetic,500,Node-legacy,single-peer,legacy-p2p-first,peer_selected,823.522,,,false,peer,823.522,false
326,segment-0326.ts,unknown,2500,Node-legacy,single-peer,legacy-p2p-first,peer_selected,944.616,,,false,peer,944.616,true
327,segment-0327.ts,playlist-derived,2000,Node-legacy,single-peer,legacy-p2p-first,peer_selected,878.533,,,false,peer,878.533,true
328,segment-0328.ts,player-derived,6000,Node-legacy,single-peer,legacy-p2p-first,peer_selected,918.137,,,false,peer,918.137,true
329,segment-0329.ts,unknown,2500,Node-legacy,single-peer,legacy-p2p-first,peer_selected,816.791,,,false,peer,816.791,true
330,segment-0330.ts,player-derived,6000,Node-legacy,single-peer,legacy-p2p-first,peer_selected,,1159.556,,false,origin,1159.556,true
331,segment-0331.ts,synthetic,500,Node-legacy,single-peer,legacy-p2p-first,peer_selected,671.565,,,false,peer,671.565,false
332,segment-0332.ts,player-derived,6000,Node-legacy,single-peer,legacy-p2p-first,peer_selected,,1215.51,,false,origin,1215.51,true
333,segment-0333.ts,player-derived,6000,Node-legacy,single-peer,legacy-p2p-first,peer_selected,717.913,,,false,peer,717.913,true
334,segment-0334.ts,synthetic,500,Node-legacy,single-peer,legacy-p2p-first,peer_selected,669.245,,,false,peer,669.245,false
335,segment-0335.ts,player-derived,6000,Node-legacy,single-peer,legacy-p2p-first,peer_selected,843.845,,,false,peer,843.845,true
336,segment-0336.ts,player-derived,6000,Node-legacy,single-peer,legacy-p2p-first,peer_selected,1170.738,,,false,peer,1170.738,true
337,segment-0337.ts,player-derived,6000,Node-legacy,single-peer,legacy-p2p-first,peer_selected,,959.055,,false,origin,959.055,true
338,segment-0338.ts,playlist-derived,2000,Node-legacy,single-peer,legacy-p2p-first,peer_selected,838.661,,,false,peer,838.661,true
339,segment-0339.ts,synthetic,500,Node-legacy,single-peer,legacy-p2p-first,peer_selected,412.175,,,false,peer,412.175,true
340,segment-0340.ts,synthetic,500,Node-legacy,single-peer,legacy-p2p-first,peer_selected,,1272.858,,false,origin,1272.858,false
341,segment-0341.ts,playlist-derived,2000,Node-legacy,single-peer,legacy-p2p-first,peer_selected,860.54,,,false,peer,860.54,true
342,segment-0342.ts,playlist-derived,2000,Node-legacy,single-peer,legacy-p2p-first,peer_selected,,1044.442,,false,origin,1044.442,true
343,segment-0343.ts,player-derived,6000,Node-legacy,single-peer,legacy-p2p-first,peer_selected,976.634,,,false,peer,976.634,true
344,segment-0344.ts,player-derived,6000,Node-legacy,single-peer,legacy-p2p-first,peer_selected,1329.775,,,false,peer,1329.775,true
345,segment-0345.ts,player-derived,6000,Node-legacy,single-peer,legacy-p2p-first,peer_selected,916.044,,,false,peer,916.044,true
346,segment-0346.ts,player-derived,6000,Node-legacy,single-peer,legacy-p2p-first,peer_selected,,750.645,,false,origin,750.645,true
347,segment-0347.ts,unknown,2500,Node-legacy,single-peer,legacy-p2p-first,peer_selected,711.998,,,false,peer,711.998,true
348,segment-0348.ts,player-derived,6000,Node-legacy,single-peer,legacy-p2p-first,peer_selected,823.671,,,false,peer,823.671,true
349,segment-0349.ts,unknown,2500,Node-legacy,single-peer,legacy-p2p-first,peer_selected,,1243.859,,false,origin,1243.859,true
350,segment-0350.ts,player-derived,6000,Node-legacy,single-peer,legacy-p2p-first,peer_selected,436.521,,,false,peer,436.521,true
351,segment-0351.ts,playlist-derived,2000,Node-legacy,single-peer,legacy-p2p-first,peer_selected,821.988,,,false,peer,821.988,true
352,segment-0352.ts,player-derived,6000,Node-legacy,single-peer,legacy-p2p-first,peer_selected,786.078,,,false,peer,786.078,true
353,segment-0353.ts,player-derived,6000,Node-legacy,single-peer,legacy-p2p-first,peer_selected,1380.946,,,false,peer,1380.946,true
354,segment-0354.ts,playlist-derived,2000,Node-legacy,single-peer,legacy-p2p-first,peer_selected,,820.121,,false,origin,820.121,true
355,segment-0355.ts,synthetic,500,Node-legacy,single-peer,legacy-p2p-first,peer_selected,264.625,,,false,peer,264.625,true
356,segment-0356.ts,playlist-derived,2000,Node-legacy,single-peer,legacy-p2p-first,peer_selected,386.133,,,false,peer,386.133,true
357,segment-0357.ts,unknown,2500,Node-legacy,single-peer,legacy-p2p-first,peer_selected,1124.975,,,false,peer,1124.975,true
358,segment-0358.ts,playlist-derived,2000,Node-legacy,single-peer,legacy-p2p-first,peer_selected,361.925,,,false,peer,361.925,true
359,segment-0359.ts,player-derived,6000,Node-legacy,single-peer,legacy-p2p-first,peer_selected,1045.251,,,false,peer,1045.251,true
360,segment-0360.ts,synthetic,500,Node-legacy,single-peer,legacy-p2p-first,peer_selected,,1597.085,,false,origin,1597.085,false
361,segment-0361.ts,player-derived,6000,Node-legacy,single-peer,legacy-p2p-first,peer_selected,,1356.646,,false,origin,1356.646,true
362,segment-0362.ts,playlist-derived,2000,Node-legacy,single-peer,legacy-p2p-first,peer_selected,1228.854,,,false,peer,1228.854,true
363,segment-0363.ts,playlist-derived,2000,Node-legacy,single-peer,legacy-p2p-first,peer_selected,533.884,,,false,peer,533.884,true
364,segment-0364.ts,player-derived,6000,Node-legacy,single-peer,legacy-p2p-first,peer_selected,1105.129,,,false,peer,1105.129,true
365,segment-0365.ts,unknown,2500,Node-legacy,single-peer,legacy-p2p-first,peer_selected,940.301,,,false,peer,940.301,true
366,segment-0366.ts,playlist-derived,2000,Node-legacy,single-peer,legacy-p2p-first,peer_selected,847.359,,,false,peer,847.359,true
367,segment-0367.ts,playlist-derived,2000,Node-legacy,single-peer,legacy-p2p-first,peer_selected,,1141.503,,false,origin,1141.503,true
368,segment-0368.ts,player-derived,6000,Node-legacy,single-peer,legacy-p2p-first,peer_selected,1030.391,,,false,peer,1030.391,true
369,segment-0369.ts,unknown,2500,Node-legacy,single-peer,legacy-p2p-first,peer_selected,964.299,,,false,peer,964.299,true
370,segment-0370.ts,player-derived,6000,Node-legacy,single-peer,legacy-p2p-first,peer_selected,,1149.175,,false,origin,1149.175,true
371,segment-0371.ts,unknown,2500,Node-legacy,single-peer,legacy-p2p-first,peer_selected,,1187.701,,false,origin,1187.701,true
372,segment-0372.ts,unknown,2500,Node-legacy,single-peer,legacy-p2p-first,peer_selected,799.602,,,false,peer,799.602,true
373,segment-0373.ts,playlist-derived,2000,Node-legacy,single-peer,legacy-p2p-first,peer_selected,947.921,,,false,peer,947.921,true
374,segment-0374.ts,player-derived,6000,Node-legacy,single-peer,legacy-p2p-first,peer_selected,698.462,,,false,peer,698.462,true
375,segment-0375.ts,playlist-derived,2000,Node-legacy,single-peer,legacy-p2p-first,peer_selected,1310.898,,,false,peer,1310.898,true
376,segment-0376.ts,playlist-derived,2000,Node-legacy,single-peer,legacy-p2p-first,peer_selected,418.633,,,false,peer,418.633,true
377,segment-0377.ts,playlist-derived,2000,Node-legacy,single-peer,legacy-p2p-first,peer_selected,591.511,,,false,peer,591.511,true
378,segment-0378.ts,playlist-derived,2000,Node-legacy,single-peer,legacy-p2p-first,peer_selected,841.563,,,false,peer,841.563,true
379,segment-0379.ts,playlist-derived,2000,Node-legacy,single-peer,legacy-p2p-first,peer_selected,563.739,,,false,peer,563.739,true
380,segment-0380.ts,playlist-derived,2000,Node-legacy,single-peer,legacy-p2p-first,peer_selected,293.048,,,false,peer,293.048,true
381,segment-0381.ts,unknown,2500,Node-legacy,single-peer,legacy-p2p-first,peer_selected,,1062.142,,false,origin,1062.142,true
382,segment-0382.ts,player-derived,6000,Node-legacy,single-peer,legacy-p2p-first,peer_selected,967.34,,,false,peer,967.34,true
383,segment-0383.ts,playlist-derived,2000,Node-legacy,single-peer,legacy-p2p-first,peer_selected,1269.072,,,false,peer,1269.072,true
384,segment-0384.ts,player-derived,6000,Node-legacy,single-peer,legacy-p2p-first,peer_selected,,1206.825,,false,origin,1206.825,true
385,segment-0385.ts,player-derived,6000,Node-legacy,single-peer,legacy-p2p-first,peer_selected,,1203.776,,false,origin,1203.776,true
386,segment-0386.ts,playlist-derived,2000,Node-legacy,single-peer,legacy-p2p-first,peer_selected,619.55,,,false,peer,619.55,true
387,segment-0387.ts,player-derived,6000,Node-legacy,single-peer,legacy-p2p-first,peer_selected,359.263,,,false,peer,359.263,true
388,segment-0388.ts,playlist-derived,2000,Node-legacy,single-peer,legacy-p2p-first,peer_selected,532.394,,,false,peer,532.394,true
389,segment-0389.ts,player-derived,6000,Node-legacy,single-peer,legacy-p2p-first,peer_selected,570.433,,,false,peer,570.433,true
390,segment-0390.ts,synthetic,500,Node-legacy,single-peer,legacy-p2p-first,peer_selected,482.793,,,false,peer,482.793,true
391,segment-0391.ts,synthetic,500,Node-legacy,single-peer,legacy-p2p-first,peer_selected,988.783,,,false,peer,988.783,false
392,segment-0392.ts,playlist-derived,2000,Node-legacy,single-peer,legacy-p2p-first,peer_selected,908.182,,,false,peer,908.182,true
393,segment-0393.ts,unknown,2500,Node-legacy,single-peer,legacy-p2p-first,peer_selected,981.73,,,false,peer,981.73,true
394,segment-0394.ts,unknown,2500,Node-legacy,single-peer,legacy-p2p-first,peer_selected,,951.126,,false,origin,951.126,true
395,segment-0395.ts,synthetic,500,Node-legacy,single-peer,legacy-p2p-first,peer_selected,,992.769,,false,origin,992.769,false
396,segment-0396.ts,player-derived,6000,Node-legacy,single-peer,legacy-p2p-first,peer_selected,1060.504,,,false,peer,1060.504,true
397,segment-0397.ts,playlist-derived,2000,Node-legacy,single-peer,legacy-p2p-first,peer_selected,451.19,,,false,peer,451.19,true
398,segment-0398.ts,playlist-derived,2000,Node-legacy,single-peer,legacy-p2p-first,peer_selected,,1383.46,,false,origin,1383.46,true
399,segment-0399.ts,playlist-derived,2000,Node-legacy,single-peer,legacy-p2p-first,peer_selected,1336.393,,,false,peer,1336.393,true
0,segment-0000.ts,player-derived,6000,Node-deadline-aware,single-peer,legacy-p2p-first,deadline_relaxed_p2p,838.64,,,false,peer,838.64,true
1,segment-0001.ts,playlist-derived,2000,Node-deadline-aware,single-peer,hedged-origin,deadline_hedged,814.313,,1300,false,peer,814.313,true
2,segment-0002.ts,playlist-derived,2000,Node-deadline-aware,single-peer,hedged-origin,deadline_hedged,,1201.801,1300,true,origin,1201.801,true
3,segment-0003.ts,unknown,2500,Node-deadline-aware,single-peer,legacy-p2p-first,deadline_unknown_legacy,601.104,,,false,peer,601.104,true
4,segment-0004.ts,unknown,2500,Node-deadline-aware,single-peer,legacy-p2p-first,deadline_unknown_legacy,484.637,,,false,peer,484.637,true
5,segment-0005.ts,unknown,2500,Node-deadline-aware,single-peer,legacy-p2p-first,deadline_unknown_legacy,758.695,,,false,peer,758.695,true
6,segment-0006.ts,unknown,2500,Node-deadline-aware,single-peer,legacy-p2p-first,deadline_unknown_legacy,188.325,,,false,peer,188.325,true
7,segment-0007.ts,player-derived,6000,Node-deadline-aware,single-peer,legacy-p2p-first,deadline_relaxed_p2p,689.148,,,false,peer,689.148,true
8,segment-0008.ts,playlist-derived,2000,Node-deadline-aware,single-peer,hedged-origin,deadline_hedged,333.715,,1326.734,false,peer,333.715,true
9,segment-0009.ts,playlist-derived,2000,Node-deadline-aware,single-peer,hedged-origin,deadline_hedged,,947.721,1326.734,true,origin,947.721,true
10,segment-0010.ts,player-derived,6000,Node-deadline-aware,single-peer,legacy-p2p-first,deadline_relaxed_p2p,969.869,,,false,peer,969.869,true
11,segment-0011.ts,player-derived,6000,Node-deadline-aware,single-peer,legacy-p2p-first,deadline_relaxed_p2p,943.231,,,false,peer,943.231,true
12,segment-0012.ts,playlist-derived,2000,Node-deadline-aware,single-peer,hedged-origin,deadline_hedged,552.404,,1393.276,false,peer,552.404,true
13,segment-0013.ts,unknown,2500,Node-deadline-aware,single-peer,legacy-p2p-first,deadline_unknown_legacy,1154.58,,,false,peer,1154.58,true
14,segment-0014.ts,synthetic,500,Node-deadline-aware,origin,origin-only,deadline_origin,,401.231,,false,origin,401.231,true
15,segment-0015.ts,playlist-derived,2000,Node-deadline-aware,single-peer,hedged-origin,deadline_hedged,586.424,,1394.924,false,peer,586.424,true
16,segment-0016.ts,synthetic,500,Node-deadline-aware,origin,origin-only,deadline_origin,,422.125,,false,origin,422.125,true
17,segment-0017.ts,player-derived,6000,Node-deadline-aware,single-peer,legacy-p2p-first,deadline_relaxed_p2p,1099.377,,,false,peer,1099.377,true
18,segment-0018.ts,playlist-derived,2000,Node-deadline-aware,single-peer,hedged-origin,deadline_hedged,,639.902,1389.809,true,origin,639.902,true
19,segment-0019.ts,unknown,2500,Node-deadline-aware,single-peer,legacy-p2p-first,deadline_unknown_legacy,,1217.259,,false,origin,1217.259,true
20,segment-0020.ts,unknown,2500,Node-deadline-aware,single-peer,legacy-p2p-first,deadline_unknown_legacy,,1565.82,,false,origin,1565.82,true
21,segment-0021.ts,player-derived,6000,Node-deadline-aware,single-peer,legacy-p2p-first,deadline_relaxed_p2p,1122.06,,,false,peer,1122.06,true
22,segment-0022.ts,player-derived,6000,Node-deadline-aware,single-peer,legacy-p2p-first,deadline_relaxed_p2p,926.123,,,false,peer,926.123,true
23,segment-0023.ts,synthetic,500,Node-deadline-aware,origin,origin-only,deadline_origin,,365.028,,false,origin,365.028,true
24,segment-0024.ts,playlist-derived,2000,Node-deadline-aware,single-peer,hedged-origin,deadline_hedged,589.685,,1420.821,false,peer,589.685,true
25,segment-0025.ts,playlist-derived,2000,Node-deadline-aware,single-peer,hedged-origin,deadline_hedged,1280.025,,1420.821,false,peer,1280.025,true
26,segment-0026.ts,playlist-derived,2000,Node-deadline-aware,single-peer,hedged-origin,deadline_hedged,952.124,,1420.821,false,peer,952.124,true
27,segment-0027.ts,player-derived,6000,Node-deadline-aware,single-peer,legacy-p2p-first,deadline_relaxed_p2p,348.296,,,false,peer,348.296,true
28,segment-0028.ts,player-derived,6000,Node-deadline-aware,single-peer,legacy-p2p-first,deadline_relaxed_p2p,722.457,,,false,peer,722.457,true
29,segment-0029.ts,unknown,2500,Node-deadline-aware,single-peer,legacy-p2p-first,deadline_unknown_legacy,585.594,,,false,peer,585.594,true
30,segment-0030.ts,playlist-derived,2000,Node-deadline-aware,single-peer,hedged-origin,deadline_hedged,900.087,,1420.821,false,peer,900.087,true
31,segment-0031.ts,player-derived,6000,Node-deadline-aware,single-peer,legacy-p2p-first,deadline_relaxed_p2p,,1493.598,,false,origin,1493.598,true
32,segment-0032.ts,playlist-derived,2000,Node-deadline-aware,single-peer,hedged-origin,deadline_hedged,533.898,,1414.735,false,peer,533.898,true
33,segment-0033.ts,player-derived,6000,Node-deadline-aware,single-peer,legacy-p2p-first,deadline_relaxed_p2p,212.254,,,false,peer,212.254,true
34,segment-0034.ts,playlist-derived,2000,Node-deadline-aware,single-peer,hedged-origin,deadline_hedged,1265.833,,1414.735,false,peer,1265.833,true
35,segment-0035.ts,player-derived,6000,Node-deadline-aware,single-peer,legacy-p2p-first,deadline_relaxed_p2p,696.966,,,false,peer,696.966,true
36,segment-0036.ts,playlist-derived,2000,Node-deadline-aware,single-peer,hedged-origin,deadline_hedged,723.817,,1414.735,false,peer,723.817,true
37,segment-0037.ts,unknown,2500,Node-deadline-aware,single-peer,legacy-p2p-first,deadline_unknown_legacy,887.76,,,false,peer,887.76,true
38,segment-0038.ts,unknown,2500,Node-deadline-aware,single-peer,legacy-p2p-first,deadline_unknown_legacy,577.617,,,false,peer,577.617,true
39,segment-0039.ts,player-derived,6000,Node-deadline-aware,single-peer,legacy-p2p-first,deadline_relaxed_p2p,843.664,,,false,peer,843.664,true
40,segment-0040.ts,playlist-derived,2000,Node-deadline-aware,single-peer,hedged-origin,deadline_hedged,,792.376,1414.735,true,origin,792.376,true
41,segment-0041.ts,player-derived,6000,Node-deadline-aware,single-peer,legacy-p2p-first,deadline_relaxed_p2p,1206.725,,,false,peer,1206.725,true
42,segment-0042.ts,unknown,2500,Node-deadline-aware,single-peer,legacy-p2p-first,deadline_unknown_legacy,346.527,,,false,peer,346.527,true
43,segment-0043.ts,unknown,2500,Node-deadline-aware,single-peer,legacy-p2p-first,deadline_unknown_legacy,,1256.426,,false,origin,1256.426,true
44,segment-0044.ts,playlist-derived,2000,Node-deadline-aware,single-peer,hedged-origin,deadline_hedged,,888.565,1456.888,true,origin,888.565,true
45,segment-0045.ts,player-derived,6000,Node-deadline-aware,single-peer,legacy-p2p-first,deadline_relaxed_p2p,621.153,,,false,peer,621.153,true
46,segment-0046.ts,player-derived,6000,Node-deadline-aware,single-peer,legacy-p2p-first,deadline_relaxed_p2p,1017.329,,,false,peer,1017.329,true
47,segment-0047.ts,unknown,2500,Node-deadline-aware,single-peer,legacy-p2p-first,deadline_unknown_legacy,827.698,,,false,peer,827.698,true
48,segment-0048.ts,player-derived,6000,Node-deadline-aware,single-peer,legacy-p2p-first,deadline_relaxed_p2p,1137.745,,,false,peer,1137.745,true
49,segment-0049.ts,unknown,2500,Node-deadline-aware,single-peer,legacy-p2p-first,deadline_unknown_legacy,,761.428,,false,origin,761.428,true
50,segment-0050.ts,unknown,2500,Node-deadline-aware,single-peer,legacy-p2p-first,deadline_unknown_legacy,,1334.427,,false,origin,1334.427,true
51,segment-0051.ts,unknown,2500,Node-deadline-aware,single-peer,legacy-p2p-first,deadline_unknown_legacy,910.858,,,false,peer,910.858,true
52,segment-0052.ts,player-derived,6000,Node-deadline-aware,single-peer,legacy-p2p-first,deadline_relaxed_p2p,656.587,,,false,peer,656.587,true
53,segment-0053.ts,unknown,2500,Node-deadline-aware,single-peer,legacy-p2p-first,deadline_unknown_legacy,811.398,,,false,peer,811.398,true
54,segment-0054.ts,playlist-derived,2000,Node-deadline-aware,single-peer,hedged-origin,deadline_hedged,1117.303,,1443.73,false,peer,1117.303,true
55,segment-0055.ts,player-derived,6000,Node-deadline-aware,single-peer,legacy-p2p-first,deadline_relaxed_p2p,533.385,,,false,peer,533.385,true
56,segment-0056.ts,playlist-derived,2000,Node-deadline-aware,single-peer,hedged-origin,deadline_hedged,,1514.433,1443.73,true,origin,1514.433,true
57,segment-0057.ts,playlist-derived,2000,Node-deadline-aware,single-peer,hedged-origin,deadline_hedged,775.124,,1467.426,false,peer,775.124,true
58,segment-0058.ts,playlist-derived,2000,Node-deadline-aware,single-peer,hedged-origin,deadline_hedged,978.737,,1467.426,false,peer,978.737,true
59,segment-0059.ts,player-derived,6000,Node-deadline-aware,single-peer,legacy-p2p-first,deadline_relaxed_p2p,126.838,,,false,peer,126.838,true
60,segment-0060.ts,player-derived,6000,Node-deadline-aware,single-peer,legacy-p2p-first,deadline_relaxed_p2p,786.07,,,false,peer,786.07,true
61,segment-0061.ts,synthetic,500,Node-deadline-aware,origin,origin-only,deadline_origin,,421.055,,false,origin,421.055,true
62,segment-0062.ts,unknown,2500,Node-deadline-aware,single-peer,legacy-p2p-first,deadline_unknown_legacy,809.333,,,false,peer,809.333,true
63,segment-0063.ts,playlist-derived,2000,Node-deadline-aware,single-peer,hedged-origin,deadline_hedged,815.074,,1440.881,false,peer,815.074,true
64,segment-0064.ts,player-derived,6000,Node-deadline-aware,single-peer,legacy-p2p-first,deadline_relaxed_p2p,652.748,,,false,peer,652.748,true
65,segment-0065.ts,unknown,2500,Node-deadline-aware,single-peer,legacy-p2p-first,deadline_unknown_legacy,,1259.735,,false,origin,1259.735,true
66,segment-0066.ts,player-derived,6000,Node-deadline-aware,single-peer,legacy-p2p-first,deadline_relaxed_p2p,1218.379,,,false,peer,1218.379,true
67,segment-0067.ts,player-derived,6000,Node-deadline-aware,single-peer,legacy-p2p-first,deadline_relaxed_p2p,,902.998,,false,origin,902.998,true
68,segment-0068.ts,player-derived,6000,Node-deadline-aware,single-peer,legacy-p2p-first,deadline_relaxed_p2p,915.577,,,false,peer,915.577,true
69,segment-0069.ts,playlist-derived,2000,Node-deadline-aware,single-peer,hedged-origin,deadline_hedged,623.736,,1481.316,false,peer,623.736,true
70,segment-0070.ts,unknown,2500,Node-deadline-aware,single-peer,legacy-p2p-first,deadline_unknown_legacy,808.668,,,false,peer,808.668,true
71,segment-0071.ts,synthetic,500,Node-deadline-aware,origin,origin-only,deadline_origin,,424.906,,false,origin,424.906,true
72,segment-0072.ts,playlist-derived,2000,Node-deadline-aware,single-peer,hedged-origin,deadline_hedged,1238.207,,1449.449,false,peer,1238.207,true
73,segment-0073.ts,playlist-derived,2000,Node-deadline-aware,single-peer,hedged-origin,deadline_hedged,401.102,,1449.449,false,peer,401.102,true
74,segment-0074.ts,playlist-derived,2000,Node-deadline-aware,single-peer,hedged-origin,deadline_hedged,677.139,,1449.449,false,peer,677.139,true
75,segment-0075.ts,player-derived,6000,Node-deadline-aware,single-peer,legacy-p2p-first,deadline_relaxed_p2p,142.216,,,false,peer,142.216,true
76,segment-0076.ts,unknown,2500,Node-deadline-aware,single-peer,legacy-p2p-first,deadline_unknown_legacy,804.721,,,false,peer,804.721,true
77,segment-0077.ts,unknown,2500,Node-deadline-aware,single-peer,legacy-p2p-first,deadline_unknown_legacy,,960.136,,false,origin,960.136,true
78,segment-0078.ts,player-derived,6000,Node-deadline-aware,single-peer,legacy-p2p-first,deadline_relaxed_p2p,1052.702,,,false,peer,1052.702,true
79,segment-0079.ts,playlist-derived,2000,Node-deadline-aware,single-peer,hedged-origin,deadline_hedged,1066.493,,1460.701,false,peer,1066.493,true
80,segment-0080.ts,player-derived,6000,Node-deadline-aware,single-peer,legacy-p2p-first,deadline_relaxed_p2p,404.978,,,false,peer,404.978,true
81,segment-0081.ts,player-derived,6000,Node-deadline-aware,single-peer,legacy-p2p-first,deadline_relaxed_p2p,1088.73,,,false,peer,1088.73,true
82,segment-0082.ts,playlist-derived,2000,Node-deadline-aware,single-peer,hedged-origin,deadline_hedged,629.224,,1460.701,false,peer,629.224,true
83,segment-0083.ts,playlist-derived,2000,Node-deadline-aware,single-peer,hedged-origin,deadline_hedged,863.115,,1460.701,false,peer,863.115,true
84,segment-0084.ts,unknown,2500,Node-deadline-aware,single-peer,legacy-p2p-first,deadline_unknown_legacy,1000.377,,,false,peer,1000.377,true
85,segment-0085.ts,playlist-derived,2000,Node-deadline-aware,single-peer,hedged-origin,deadline_hedged,864.732,,1460.701,false,peer,864.732,true
86,segment-0086.ts,unknown,2500,Node-deadline-aware,single-peer,legacy-p2p-first,deadline_unknown_legacy,341.954,,,false,peer,341.954,true
87,segment-0087.ts,synthetic,500,Node-deadline-aware,origin,origin-only,deadline_origin,,422.643,,false,origin,422.643,true
88,segment-0088.ts,playlist-derived,2000,Node-deadline-aware,single-peer,hedged-origin,deadline_hedged,646.173,,1435.698,false,peer,646.173,true
89,segment-0089.ts,synthetic,500,Node-deadline-aware,origin,origin-only,deadline_origin,,308.805,,false,origin,308.805,true
90,segment-0090.ts,synthetic,500,Node-deadline-aware,origin,origin-only,deadline_origin,,430.295,,false,origin,430.295,true
91,segment-0091.ts,playlist-derived,2000,Node-deadline-aware,single-peer,hedged-origin,deadline_hedged,,916.354,1427.554,true,origin,916.354,true
92,segment-0092.ts,playlist-derived,2000,Node-deadline-aware,single-peer,hedged-origin,deadline_hedged,658.932,,1424.014,false,peer,658.932,true
93,segment-0093.ts,playlist-derived,2000,Node-deadline-aware,single-peer,hedged-origin,deadline_hedged,918.122,,1424.014,false,peer,918.122,true
94,segment-0094.ts,playlist-derived,2000,Node-deadline-aware,single-peer,hedged-origin,deadline_hedged,247.763,,1424.014,false,peer,247.763,true
95,segment-0095.ts,player-derived,6000,Node-deadline-aware,single-peer,legacy-p2p-first,deadline_relaxed_p2p,,605.204,,false,origin,605.204,true
96,segment-0096.ts,player-derived,6000,Node-deadline-aware,single-peer,legacy-p2p-first,deadline_relaxed_p2p,,1385.932,,false,origin,1385.932,true
97,segment-0097.ts,player-derived,6000,Node-deadline-aware,single-peer,legacy-p2p-first,deadline_relaxed_p2p,1166.849,,,false,peer,1166.849,true
98,segment-0098.ts,playlist-derived,2000,Node-deadline-aware,single-peer,hedged-origin,deadline_hedged,900.708,,1478.603,false,peer,900.708,true
99,segment-0099.ts,unknown,2500,Node-deadline-aware,single-peer,legacy-p2p-first,deadline_unknown_legacy,601.14,,,false,peer,601.14,true
100,segment-0100.ts,synthetic,500,Node-deadline-aware,origin,origin-only,deadline_origin,,329.264,,false,origin,329.264,true
101,segment-0101.ts,synthetic,500,Node-deadline-aware,origin,origin-only,deadline_origin,,400.237,,false,origin,400.237,true
102,segment-0102.ts,player-derived,6000,Node-deadline-aware,single-peer,legacy-p2p-first,deadline_relaxed_p2p,,1165.924,,false,origin,1165.924,true
103,segment-0103.ts,player-derived,6000,Node-deadline-aware,single-peer,legacy-p2p-first,deadline_relaxed_p2p,769.12,,,false,peer,769.12,true
104,segment-0104.ts,playlist-derived,2000,Node-deadline-aware,single-peer,hedged-origin,deadline_hedged,460.156,,1466.696,false,peer,460.156,true
105,segment-0105.ts,player-derived,6000,Node-deadline-aware,single-peer,legacy-p2p-first,deadline_relaxed_p2p,758.578,,,false,peer,758.578,true
106,segment-0106.ts,player-derived,6000,Node-deadline-aware,single-peer,legacy-p2p-first,deadline_relaxed_p2p,,1337.02,,false,origin,1337.02,true
107,segment-0107.ts,unknown,2500,Node-deadline-aware,single-peer,legacy-p2p-first,deadline_unknown_legacy,946.09,,,false,peer,946.09,true
108,segment-0108.ts,synthetic,500,Node-deadline-aware,origin,origin-only,deadline_origin,,336.849,,false,origin,336.849,true
109,segment-0109.ts,synthetic,500,Node-deadline-aware,origin,origin-only,deadline_origin,,367.494,,false,origin,367.494,true
110,segment-0110.ts,player-derived,6000,Node-deadline-aware,single-peer,legacy-p2p-first,deadline_relaxed_p2p,1035.038,,,false,peer,1035.038,true
111,segment-0111.ts,synthetic,500,Node-deadline-aware,origin,origin-only,deadline_origin,,315.943,,false,origin,315.943,true
112,segment-0112.ts,synthetic,500,Node-deadline-aware,origin,origin-only,deadline_origin,,329.105,,false,origin,329.105,true
113,segment-0113.ts,player-derived,6000,Node-deadline-aware,single-peer,legacy-p2p-first,deadline_relaxed_p2p,685.03,,,false,peer,685.03,true
114,segment-0114.ts,unknown,2500,Node-deadline-aware,single-peer,legacy-p2p-first,deadline_unknown_legacy,868.46,,,false,peer,868.46,true
115,segment-0115.ts,playlist-derived,2000,Node-deadline-aware,single-peer,hedged-origin,deadline_hedged,760.406,,1465.048,false,peer,760.406,true
116,segment-0116.ts,synthetic,500,Node-deadline-aware,origin,origin-only,deadline_origin,,324.646,,false,origin,324.646,true
117,segment-0117.ts,unknown,2500,Node-deadline-aware,single-peer,legacy-p2p-first,deadline_unknown_legacy,428.223,,,false,peer,428.223,true
118,segment-0118.ts,synthetic,500,Node-deadline-aware,origin,origin-only,deadline_origin,,443.472,,false,origin,443.472,true
119,segment-0119.ts,playlist-derived,2000,Node-deadline-aware,single-peer,hedged-origin,deadline_hedged,,1179.81,1434.656,true,origin,1179.81,true
120,segment-0120.ts,synthetic,500,Node-deadline-aware,origin,origin-only,deadline_origin,,410.053,,false,origin,410.053,true
121,segment-0121.ts,synthetic,500,Node-deadline-aware,origin,origin-only,deadline_origin,,328.473,,false,origin,328.473,true
122,segment-0122.ts,playlist-derived,2000,Node-deadline-aware,single-peer,hedged-origin,deadline_hedged,854.006,,1435.147,false,peer,854.006,true
123,segment-0123.ts,player-derived,6000,Node-deadline-aware,single-peer,legacy-p2p-first,deadline_relaxed_p2p,1222.964,,,false,peer,1222.964,true
124,segment-0124.ts,player-derived,6000,Node-deadline-aware,single-peer,legacy-p2p-first,deadline_relaxed_p2p,1123.722,,,false,peer,1123.722,true
125,segment-0125.ts,unknown,2500,Node-deadline-aware,single-peer,legacy-p2p-first,deadline_unknown_legacy,947.724,,,false,peer,947.724,true
126,segment-0126.ts,playlist-derived,2000,Node-deadline-aware,single-peer,hedged-origin,deadline_hedged,1002.82,,1435.147,false,peer,1002.82,true
127,segment-0127.ts,synthetic,500,Node-deadline-aware,origin,origin-only,deadline_origin,,338.943,,false,origin,338.943,true
128,segment-0128.ts,unknown,2500,Node-deadline-aware,single-peer,legacy-p2p-first,deadline_unknown_legacy,347.059,,,false,peer,347.059,true
129,segment-0129.ts,unknown,2500,Node-deadline-aware,single-peer,legacy-p2p-first,deadline_unknown_legacy,591.587,,,false,peer,591.587,true
130,segment-0130.ts,unknown,2500,Node-deadline-aware,single-peer,legacy-p2p-first,deadline_unknown_legacy,1201.703,,,false,peer,1201.703,true
131,segment-0131.ts,unknown,2500,Node-deadline-aware,single-peer,legacy-p2p-first,deadline_unknown_legacy,,1151.475,,false,origin,1151.475,true
132,segment-0132.ts,player-derived,6000,Node-deadline-aware,single-peer,legacy-p2p-first,deadline_relaxed_p2p,,917.757,,false,origin,917.757,true
133,segment-0133.ts,player-derived,6000,Node-deadline-aware,single-peer,legacy-p2p-first,deadline_relaxed_p2p,,1148.74,,false,origin,1148.74,true
134,segment-0134.ts,playlist-derived,2000,Node-deadline-aware,single-peer,hedged-origin,deadline_hedged,703.642,,1429.817,false,peer,703.642,true
135,segment-0135.ts,player-derived,6000,Node-deadline-aware,single-peer,legacy-p2p-first,deadline_relaxed_p2p,1142.19,,,false,peer,1142.19,true
136,segment-0136.ts,playlist-derived,2000,Node-deadline-aware,single-peer,hedged-origin,deadline_hedged,866.012,,1429.817,false,peer,866.012,true
137,segment-0137.ts,unknown,2500,Node-deadline-aware,single-peer,legacy-p2p-first,deadline_unknown_legacy,1175.752,,,false,peer,1175.752,true
138,segment-0138.ts,player-derived,6000,Node-deadline-aware,single-peer,legacy-p2p-first,deadline_relaxed_p2p,1028.632,,,false,peer,1028.632,true
139,segment-0139.ts,player-derived,6000,Node-deadline-aware,single-peer,legacy-p2p-first,deadline_relaxed_p2p,,1363.262,,false,origin,1363.262,true
140,segment-0140.ts,player-derived,6000,Node-deadline-aware,single-peer,legacy-p2p-first,deadline_relaxed_p2p,551.506,,,false,peer,551.506,true
141,segment-0141.ts,unknown,2500,Node-deadline-aware,single-peer,legacy-p2p-first,deadline_unknown_legacy,1136.759,,,false,peer,1136.759,true
142,segment-0142.ts,player-derived,6000,Node-deadline-aware,single-peer,legacy-p2p-first,deadline_relaxed_p2p,315.198,,,false,peer,315.198,true
143,segment-0143.ts,playlist-derived,2000,Node-deadline-aware,single-peer,hedged-origin,deadline_hedged,704.815,,1422.119,false,peer,704.815,true
144,segment-0144.ts,unknown,2500,Node-deadline-aware,single-peer,legacy-p2p-first,deadline_unknown_legacy,,1765.922,,false,origin,1765.922,true
145,segment-0145.ts,playlist-derived,2000,Node-deadline-aware,single-peer,hedged-origin,deadline_hedged,,441.51,1439.05,true,origin,441.51,true
146,segment-0146.ts,playlist-derived,2000,Node-deadline-aware,single-peer,hedged-origin,deadline_hedged,,1128.498,1464.48,true,origin,1128.498,true
147,segment-0147.ts,synthetic,500,Node-deadline-aware,origin,origin-only,deadline_origin,,348.359,,false,origin,348.359,true
148,segment-0148.ts,unknown,2500,Node-deadline-aware,single-peer,legacy-p2p-first,deadline_unknown_legacy,813.793,,,false,peer,813.793,true
149,segment-0149.ts,synthetic,500,Node-deadline-aware,origin,origin-only,deadline_origin,,398.578,,false,origin,398.578,true
150,segment-0150.ts,playlist-derived,2000,Node-deadline-aware,single-peer,hedged-origin,deadline_hedged,,949.923,1451.481,true,origin,949.923,true
151,segment-0151.ts,synthetic,500,Node-deadline-aware,origin,origin-only,deadline_origin,,358.182,,false,origin,358.182,true
152,segment-0152.ts,synthetic,500,Node-deadline-aware,origin,origin-only,deadline_origin,,424.422,,false,origin,424.422,true
153,segment-0153.ts,synthetic,500,Node-deadline-aware,origin,origin-only,deadline_origin,,409.788,,false,origin,409.788,true
154,segment-0154.ts,playlist-derived,2000,Node-deadline-aware,single-peer,hedged-origin,deadline_hedged,895.602,,1422.025,false,peer,895.602,true
155,segment-0155.ts,playlist-derived,2000,Node-deadline-aware,single-peer,hedged-origin,deadline_hedged,650.695,,1422.025,false,peer,650.695,true
156,segment-0156.ts,playlist-derived,2000,Node-deadline-aware,single-peer,hedged-origin,deadline_hedged,647.272,,1422.025,false,peer,647.272,true
157,segment-0157.ts,unknown,2500,Node-deadline-aware,single-peer,legacy-p2p-first,deadline_unknown_legacy,368.894,,,false,peer,368.894,true
158,segment-0158.ts,synthetic,500,Node-deadline-aware,origin,origin-only,deadline_origin,,300.709,,false,origin,300.709,true
159,segment-0159.ts,playlist-derived,2000,Node-deadline-aware,single-peer,hedged-origin,deadline_hedged,652.38,,1445.205,false,peer,652.38,true
160,segment-0160.ts,synthetic,500,Node-deadline-aware,origin,origin-only,deadline_origin,,387.069,,false,origin,387.069,true
161,segment-0161.ts,playlist-derived,2000,Node-deadline-aware,single-peer,hedged-origin,deadline_hedged,534.899,,1435.523,false,peer,534.899,true
162,segment-0162.ts,playlist-derived,2000,Node-deadline-aware,single-peer,hedged-origin,deadline_hedged,1198.756,,1435.523,false,peer,1198.756,true
163,segment-0163.ts,playlist-derived,2000,Node-deadline-aware,single-peer,hedged-origin,deadline_hedged,488.161,,1435.523,false,peer,488.161,true
164,segment-0164.ts,player-derived,6000,Node-deadline-aware,single-peer,legacy-p2p-first,deadline_relaxed_p2p,1119.248,,,false,peer,1119.248,true
165,segment-0165.ts,playlist-derived,2000,Node-deadline-aware,single-peer,hedged-origin,deadline_hedged,831.276,,1435.523,false,peer,831.276,true
166,segment-0166.ts,playlist-derived,2000,Node-deadline-aware,single-peer,hedged-origin,deadline_hedged,,1332.578,1435.523,true,origin,1332.578,true
167,segment-0167.ts,player-derived,6000,Node-deadline-aware,single-peer,legacy-p2p-first,deadline_relaxed_p2p,,1248.828,,false,origin,1248.828,true
168,segment-0168.ts,playlist-derived,2000,Node-deadline-aware,single-peer,hedged-origin,deadline_hedged,,979.959,1440.913,true,origin,979.959,true
169,segment-0169.ts,synthetic,500,Node-deadline-aware,origin,origin-only,deadline_origin,,411.261,,false,origin,411.261,true
170,segment-0170.ts,player-derived,6000,Node-deadline-aware,single-peer,legacy-p2p-first,deadline_relaxed_p2p,,750.705,,false,origin,750.705,true
171,segment-0171.ts,player-derived,6000,Node-deadline-aware,single-peer,legacy-p2p-first,deadline_relaxed_p2p,811.239,,,false,peer,811.239,true
172,segment-0172.ts,player-derived,6000,Node-deadline-aware,single-peer,legacy-p2p-first,deadline_relaxed_p2p,825.418,,,false,peer,825.418,true
173,segment-0173.ts,playlist-derived,2000,Node-deadline-aware,single-peer,hedged-origin,deadline_hedged,,1273.316,1419.77,true,origin,1273.316,true
174,segment-0174.ts,playlist-derived,2000,Node-deadline-aware,single-peer,hedged-origin,deadline_hedged,846.68,,1429.328,false,peer,846.68,true
175,segment-0175.ts,player-derived,6000,Node-deadline-aware,single-peer,legacy-p2p-first,deadline_relaxed_p2p,,1603.507,,false,origin,1603.507,true
176,segment-0176.ts,synthetic,500,Node-deadline-aware,origin,origin-only,deadline_origin,,380.343,,false,origin,380.343,true
177,segment-0177.ts,synthetic,500,Node-deadline-aware,origin,origin-only,deadline_origin,,311.079,,false,origin,311.079,true
178,segment-0178.ts,unknown,2500,Node-deadline-aware,single-peer,legacy-p2p-first,deadline_unknown_legacy,618.546,,,false,peer,618.546,true
179,segment-0179.ts,unknown,2500,Node-deadline-aware,single-peer,legacy-p2p-first,deadline_unknown_legacy,,1293.018,,false,origin,1293.018,true
180,segment-0180.ts,synthetic,500,Node-deadline-aware,origin,origin-only,deadline_origin,,364.099,,false,origin,364.099,true
181,segment-0181.ts,player-derived,6000,Node-deadline-aware,single-peer,legacy-p2p-first,deadline_relaxed_p2p,1054.068,,,false,peer,1054.068,true
182,segment-0182.ts,synthetic,500,Node-deadline-aware,origin,origin-only,deadline_origin,,343.533,,false,origin,343.533,true
183,segment-0183.ts,playlist-derived,2000,Node-deadline-aware,single-peer,hedged-origin,deadline_hedged,887.75,,1447.082,false,peer,887.75,true
184,segment-0184.ts,playlist-derived,2000,Node-deadline-aware,single-peer,hedged-origin,deadline_hedged,,1236.929,1447.082,true,origin,1236.929,true
185,segment-0185.ts,player-derived,6000,Node-deadline-aware,single-peer,legacy-p2p-first,deadline_relaxed_p2p,1155.722,,,false,peer,1155.722,true
186,segment-0186.ts,synthetic,500,Node-deadline-aware,origin,origin-only,deadline_origin,,393.313,,false,origin,393.313,true
187,segment-0187.ts,player-derived,6000,Node-deadline-aware,single-peer,legacy-p2p-first,deadline_relaxed_p2p,791.428,,,false,peer,791.428,true
188,segment-0188.ts,unknown,2500,Node-deadline-aware,single-peer,legacy-p2p-first,deadline_unknown_legacy,1015.236,,,false,peer,1015.236,true
189,segment-0189.ts,synthetic,500,Node-deadline-aware,origin,origin-only,deadline_origin,,360.958,,false,origin,360.958,true
190,segment-0190.ts,synthetic,500,Node-deadline-aware,origin,origin-only,deadline_origin,,360.563,,false,origin,360.563,true
191,segment-0191.ts,playlist-derived,2000,Node-deadline-aware,single-peer,hedged-origin,deadline_hedged,695.72,,1433.736,false,peer,695.72,true
192,segment-0192.ts,synthetic,500,Node-deadline-aware,origin,origin-only,deadline_origin,,354.541,,false,origin,354.541,true
193,segment-0193.ts,unknown,2500,Node-deadline-aware,single-peer,legacy-p2p-first,deadline_unknown_legacy,665.393,,,false,peer,665.393,true
194,segment-0194.ts,unknown,2500,Node-deadline-aware,single-peer,legacy-p2p-first,deadline_unknown_legacy,837.711,,,false,peer,837.711,true
195,segment-0195.ts,player-derived,6000,Node-deadline-aware,single-peer,legacy-p2p-first,deadline_relaxed_p2p,1108.42,,,false,peer,1108.42,true
196,segment-0196.ts,playlist-derived,2000,Node-deadline-aware,single-peer,hedged-origin,deadline_hedged,685.525,,1437.253,false,peer,685.525,true
197,segment-0197.ts,player-derived,6000,Node-deadline-aware,single-peer,legacy-p2p-first,deadline_relaxed_p2p,1144.169,,,false,peer,1144.169,true
198,segment-0198.ts,playlist-derived,2000,Node-deadline-aware,single-peer,hedged-origin,deadline_hedged,1331.017,,1437.253,false,peer,1331.017,true
199,segment-0199.ts,unknown,2500,Node-deadline-aware,single-peer,legacy-p2p-first,deadline_unknown_legacy,1028.119,,,false,peer,1028.119,true
200,segment-0200.ts,player-derived,6000,Node-deadline-aware,single-peer,legacy-p2p-first,deadline_relaxed_p2p,690.043,,,false,peer,690.043,true
201,segment-0201.ts,playlist-derived,2000,Node-deadline-aware,single-peer,hedged-origin,deadline_hedged,710.525,,1437.253,false,peer,710.525,true
202,segment-0202.ts,playlist-derived,2000,Node-deadline-aware,single-peer,hedged-origin,deadline_hedged,401.15,,1437.253,false,peer,401.15,true
203,segment-0203.ts,unknown,2500,Node-deadline-aware,single-peer,legacy-p2p-first,deadline_unknown_legacy,818.004,,,false,peer,818.004,true
204,segment-0204.ts,unknown,2500,Node-deadline-aware,single-peer,legacy-p2p-first,deadline_unknown_legacy,,1685.157,,false,origin,1685.157,true
205,segment-0205.ts,playlist-derived,2000,Node-deadline-aware,single-peer,hedged-origin,deadline_hedged,985.736,,1451.68,false,peer,985.736,true
206,segment-0206.ts,player-derived,6000,Node-deadline-aware,single-peer,legacy-p2p-first,deadline_relaxed_p2p,495.44,,,false,peer,495.44,true
207,segment-0207.ts,player-derived,6000,Node-deadline-aware,single-peer,legacy-p2p-first,deadline_relaxed_p2p,444.484,,,false,peer,444.484,true
208,segment-0208.ts,unknown,2500,Node-deadline-aware,single-peer,legacy-p2p-first,deadline_unknown_legacy,341.148,,,false,peer,341.148,true
209,segment-0209.ts,synthetic,500,Node-deadline-aware,origin,origin-only,deadline_origin,,289.723,,false,origin,289.723,true
210,segment-0210.ts,playlist-derived,2000,Node-deadline-aware,single-peer,hedged-origin,deadline_hedged,591.725,,1469.259,false,peer,591.725,true
211,segment-0211.ts,unknown,2500,Node-deadline-aware,single-peer,legacy-p2p-first,deadline_unknown_legacy,743.643,,,false,peer,743.643,true
212,segment-0212.ts,player-derived,6000,Node-deadline-aware,single-peer,legacy-p2p-first,deadline_relaxed_p2p,,1508.797,,false,origin,1508.797,true
213,segment-0213.ts,playlist-derived,2000,Node-deadline-aware,single-peer,hedged-origin,deadline_hedged,,1380.029,1454.556,true,origin,1380.029,true
214,segment-0214.ts,player-derived,6000,Node-deadline-aware,single-peer,legacy-p2p-first,deadline_relaxed_p2p,239.936,,,false,peer,239.936,true
215,segment-0215.ts,unknown,2500,Node-deadline-aware,single-peer,legacy-p2p-first,deadline_unknown_legacy,562.293,,,false,peer,562.293,true
216,segment-0216.ts,playlist-derived,2000,Node-deadline-aware,single-peer,hedged-origin,deadline_hedged,,861.635,1452.584,true,origin,861.635,true
217,segment-0217.ts,synthetic,500,Node-deadline-aware,origin,origin-only,deadline_origin,,344.591,,false,origin,344.591,true
218,segment-0218.ts,player-derived,6000,Node-deadline-aware,single-peer,legacy-p2p-first,deadline_relaxed_p2p,487.308,,,false,peer,487.308,true
219,segment-0219.ts,synthetic,500,Node-deadline-aware,origin,origin-only,deadline_origin,,353.281,,false,origin,353.281,true
220,segment-0220.ts,unknown,2500,Node-deadline-aware,single-peer,legacy-p2p-first,deadline_unknown_legacy,1334.615,,,false,peer,1334.615,true
221,segment-0221.ts,playlist-derived,2000,Node-deadline-aware,single-peer,hedged-origin,deadline_hedged,917.568,,1449.436,false,peer,917.568,true
222,segment-0222.ts,unknown,2500,Node-deadline-aware,single-peer,legacy-p2p-first,deadline_unknown_legacy,559.196,,,false,peer,559.196,true
223,segment-0223.ts,player-derived,6000,Node-deadline-aware,single-peer,legacy-p2p-first,deadline_relaxed_p2p,,1321.742,,false,origin,1321.742,true
224,segment-0224.ts,player-derived,6000,Node-deadline-aware,single-peer,legacy-p2p-first,deadline_relaxed_p2p,789.452,,,false,peer,789.452,true
225,segment-0225.ts,player-derived,6000,Node-deadline-aware,single-peer,legacy-p2p-first,deadline_relaxed_p2p,,1665.912,,false,origin,1665.912,true
226,segment-0226.ts,player-derived,6000,Node-deadline-aware,single-peer,legacy-p2p-first,deadline_relaxed_p2p,923.645,,,false,peer,923.645,true
227,segment-0227.ts,synthetic,500,Node-deadline-aware,origin,origin-only,deadline_origin,,327.69,,false,origin,327.69,true
228,segment-0228.ts,unknown,2500,Node-deadline-aware,single-peer,legacy-p2p-first,deadline_unknown_legacy,822.151,,,false,peer,822.151,true
229,segment-0229.ts,playlist-derived,2000,Node-deadline-aware,single-peer,hedged-origin,deadline_hedged,978.32,,1466.188,false,peer,978.32,true
230,segment-0230.ts,playlist-derived,2000,Node-deadline-aware,single-peer,hedged-origin,deadline_hedged,239.297,,1466.188,false,peer,239.297,true
231,segment-0231.ts,synthetic,500,Node-deadline-aware,origin,origin-only,deadline_origin,,342.642,,false,origin,342.642,true
232,segment-0232.ts,synthetic,500,Node-deadline-aware,origin,origin-only,deadline_origin,,315.472,,false,origin,315.472,true
233,segment-0233.ts,player-derived,6000,Node-deadline-aware,single-peer,legacy-p2p-first,deadline_relaxed_p2p,,1178.97,,false,origin,1178.97,true
234,segment-0234.ts,unknown,2500,Node-deadline-aware,single-peer,legacy-p2p-first,deadline_unknown_legacy,,1211.514,,false,origin,1211.514,true
235,segment-0235.ts,player-derived,6000,Node-deadline-aware,single-peer,legacy-p2p-first,deadline_relaxed_p2p,1223.94,,,false,peer,1223.94,true
236,segment-0236.ts,player-derived,6000,Node-deadline-aware,single-peer,legacy-p2p-first,deadline_relaxed_p2p,664.875,,,false,peer,664.875,true
237,segment-0237.ts,unknown,2500,Node-deadline-aware,single-peer,legacy-p2p-first,deadline_unknown_legacy,1036.052,,,false,peer,1036.052,true
238,segment-0238.ts,playlist-derived,2000,Node-deadline-aware,single-peer,hedged-origin,deadline_hedged,555.867,,1450.149,false,peer,555.867,true
239,segment-0239.ts,playlist-derived,2000,Node-deadline-aware,single-peer,hedged-origin,deadline_hedged,533.797,,1450.149,false,peer,533.797,true
240,segment-0240.ts,synthetic,500,Node-deadline-aware,origin,origin-only,deadline_origin,,377.125,,false,origin,377.125,true
241,segment-0241.ts,unknown,2500,Node-deadline-aware,single-peer,legacy-p2p-first,deadline_unknown_legacy,,686.515,,false,origin,686.515,true
242,segment-0242.ts,unknown,2500,Node-deadline-aware,single-peer,legacy-p2p-first,deadline_unknown_legacy,454.214,,,false,peer,454.214,true
243,segment-0243.ts,playlist-derived,2000,Node-deadline-aware,single-peer,hedged-origin,deadline_hedged,579.045,,1465.255,false,peer,579.045,true
244,segment-0244.ts,synthetic,500,Node-deadline-aware,origin,origin-only,deadline_origin,,310.636,,false,origin,310.636,true
245,segment-0245.ts,unknown,2500,Node-deadline-aware,single-peer,legacy-p2p-first,deadline_unknown_legacy,687.602,,,false,peer,687.602,true
246,segment-0246.ts,unknown,2500,Node-deadline-aware,single-peer,legacy-p2p-first,deadline_unknown_legacy,,924.154,,false,origin,924.154,true
247,segment-0247.ts,playlist-derived,2000,Node-deadline-aware,single-peer,hedged-origin,deadline_hedged,289.115,,1447.938,false,peer,289.115,true
248,segment-0248.ts,playlist-derived,2000,Node-deadline-aware,single-peer,hedged-origin,deadline_hedged,645.63,,1447.938,false,peer,645.63,true
249,segment-0249.ts,synthetic,500,Node-deadline-aware,origin,origin-only,deadline_origin,,363.667,,false,origin,363.667,true
250,segment-0250.ts,playlist-derived,2000,Node-deadline-aware,single-peer,hedged-origin,deadline_hedged,662.016,,1444.457,false,peer,662.016,true
251,segment-0251.ts,unknown,2500,Node-deadline-aware,single-peer,legacy-p2p-first,deadline_unknown_legacy,,893.568,,false,origin,893.568,true
252,segment-0252.ts,synthetic,500,Node-deadline-aware,origin,origin-only,deadline_origin,,289.937,,false,origin,289.937,true
253,segment-0253.ts,synthetic,500,Node-deadline-aware,origin,origin-only,deadline_origin,,351.68,,false,origin,351.68,true
254,segment-0254.ts,playlist-derived,2000,Node-deadline-aware,single-peer,hedged-origin,deadline_hedged,244.913,,1448.929,false,peer,244.913,true
255,segment-0255.ts,playlist-derived,2000,Node-deadline-aware,single-peer,hedged-origin,deadline_hedged,1093.598,,1448.929,false,peer,1093.598,true
256,segment-0256.ts,unknown,2500,Node-deadline-aware,single-peer,legacy-p2p-first,deadline_unknown_legacy,379.309,,,false,peer,379.309,true
257,segment-0257.ts,playlist-derived,2000,Node-deadline-aware,single-peer,hedged-origin,deadline_hedged,656.813,,1448.929,false,peer,656.813,true
258,segment-0258.ts,synthetic,500,Node-deadline-aware,origin,origin-only,deadline_origin,,407.098,,false,origin,407.098,true
259,segment-0259.ts,player-derived,6000,Node-deadline-aware,single-peer,legacy-p2p-first,deadline_relaxed_p2p,,627.602,,false,origin,627.602,true
260,segment-0260.ts,player-derived,6000,Node-deadline-aware,single-peer,legacy-p2p-first,deadline_relaxed_p2p,1233.16,,,false,peer,1233.16,true
261,segment-0261.ts,synthetic,500,Node-deadline-aware,origin,origin-only,deadline_origin,,358.698,,false,origin,358.698,true
262,segment-0262.ts,playlist-derived,2000,Node-deadline-aware,single-peer,hedged-origin,deadline_hedged,,784.7,1449.936,true,origin,784.7,true
263,segment-0263.ts,playlist-derived,2000,Node-deadline-aware,single-peer,hedged-origin,deadline_hedged,988.714,,1427.202,false,peer,988.714,true
264,segment-0264.ts,player-derived,6000,Node-deadline-aware,single-peer,legacy-p2p-first,deadline_relaxed_p2p,,1414.38,,false,origin,1414.38,true
265,segment-0265.ts,synthetic,500,Node-deadline-aware,origin,origin-only,deadline_origin,,331.269,,false,origin,331.269,true
266,segment-0266.ts,unknown,2500,Node-deadline-aware,single-peer,legacy-p2p-first,deadline_unknown_legacy,433.404,,,false,peer,433.404,true
267,segment-0267.ts,synthetic,500,Node-deadline-aware,origin,origin-only,deadline_origin,,382.355,,false,origin,382.355,true
268,segment-0268.ts,synthetic,500,Node-deadline-aware,origin,origin-only,deadline_origin,,409.129,,false,origin,409.129,true
269,segment-0269.ts,player-derived,6000,Node-deadline-aware,single-peer,legacy-p2p-first,deadline_relaxed_p2p,,965.931,,false,origin,965.931,true
270,segment-0270.ts,playlist-derived,2000,Node-deadline-aware,single-peer,hedged-origin,deadline_hedged,785.642,,1449.954,false,peer,785.642,true
271,segment-0271.ts,unknown,2500,Node-deadline-aware,single-peer,legacy-p2p-first,deadline_unknown_legacy,715.89,,,false,peer,715.89,true
272,segment-0272.ts,synthetic,500,Node-deadline-aware,origin,origin-only,deadline_origin,,362.861,,false,origin,362.861,true
273,segment-0273.ts,player-derived,6000,Node-deadline-aware,single-peer,legacy-p2p-first,deadline_relaxed_p2p,998.697,,,false,peer,998.697,true
274,segment-0274.ts,playlist-derived,2000,Node-deadline-aware,single-peer,hedged-origin,deadline_hedged,530.394,,1446.109,false,peer,530.394,true
275,segment-0275.ts,player-derived,6000,Node-deadline-aware,single-peer,legacy-p2p-first,deadline_relaxed_p2p,684.673,,,false,peer,684.673,true
276,segment-0276.ts,playlist-derived,2000,Node-deadline-aware,single-peer,hedged-origin,deadline_hedged,1225.484,,1446.109,false,peer,1225.484,true
277,segment-0277.ts,synthetic,500,Node-deadline-aware,origin,origin-only,deadline_origin,,279.833,,false,origin,279.833,true
278,segment-0278.ts,unknown,2500,Node-deadline-aware,single-peer,legacy-p2p-first,deadline_unknown_legacy,706.353,,,false,peer,706.353,true
279,segment-0279.ts,synthetic,500,Node-deadline-aware,origin,origin-only,deadline_origin,,361.954,,false,origin,361.954,true
280,segment-0280.ts,unknown,2500,Node-deadline-aware,single-peer,legacy-p2p-first,deadline_unknown_legacy,,859.625,,false,origin,859.625,true
281,segment-0281.ts,player-derived,6000,Node-deadline-aware,single-peer,legacy-p2p-first,deadline_relaxed_p2p,451.431,,,false,peer,451.431,true
282,segment-0282.ts,player-derived,6000,Node-deadline-aware,single-peer,legacy-p2p-first,deadline_relaxed_p2p,578.541,,,false,peer,578.541,true
283,segment-0283.ts,player-derived,6000,Node-deadline-aware,single-peer,legacy-p2p-first,deadline_relaxed_p2p,716.832,,,false,peer,716.832,true
284,segment-0284.ts,unknown,2500,Node-deadline-aware,single-peer,legacy-p2p-first,deadline_unknown_legacy,,1126.507,,false,origin,1126.507,true
285,segment-0285.ts,playlist-derived,2000,Node-deadline-aware,single-peer,hedged-origin,deadline_hedged,,1243.693,1460.24,true,origin,1243.693,true
286,segment-0286.ts,player-derived,6000,Node-deadline-aware,single-peer,legacy-p2p-first,deadline_relaxed_p2p,539.785,,,false,peer,539.785,true
287,segment-0287.ts,playlist-derived,2000,Node-deadline-aware,single-peer,hedged-origin,deadline_hedged,,955.604,1427.745,true,origin,955.604,true
288,segment-0288.ts,player-derived,6000,Node-deadline-aware,single-peer,legacy-p2p-first,deadline_relaxed_p2p,1317.611,,,false,peer,1317.611,true
289,segment-0289.ts,playlist-derived,2000,Node-deadline-aware,single-peer,hedged-origin,deadline_hedged,923.532,,1452.392,false,peer,923.532,true
290,segment-0290.ts,synthetic,500,Node-deadline-aware,origin,origin-only,deadline_origin,,366.174,,false,origin,366.174,true
291,segment-0291.ts,playlist-derived,2000,Node-deadline-aware,single-peer,hedged-origin,deadline_hedged,,986.878,1446.822,true,origin,986.878,true
292,segment-0292.ts,player-derived,6000,Node-deadline-aware,single-peer,legacy-p2p-first,deadline_relaxed_p2p,1029.936,,,false,peer,1029.936,true
293,segment-0293.ts,unknown,2500,Node-deadline-aware,single-peer,legacy-p2p-first,deadline_unknown_legacy,,1279.471,,false,origin,1279.471,true
294,segment-0294.ts,unknown,2500,Node-deadline-aware,single-peer,legacy-p2p-first,deadline_unknown_legacy,784.14,,,false,peer,784.14,true
295,segment-0295.ts,player-derived,6000,Node-deadline-aware,single-peer,legacy-p2p-first,deadline_relaxed_p2p,1379.541,,,false,peer,1379.541,true
296,segment-0296.ts,synthetic,500,Node-deadline-aware,origin,origin-only,deadline_origin,,268.126,,false,origin,268.126,true
297,segment-0297.ts,synthetic,500,Node-deadline-aware,origin,origin-only,deadline_origin,,383.773,,false,origin,383.773,true
298,segment-0298.ts,player-derived,6000,Node-deadline-aware,single-peer,legacy-p2p-first,deadline_relaxed_p2p,902.806,,,false,peer,902.806,true
299,segment-0299.ts,playlist-derived,2000,Node-deadline-aware,single-peer,hedged-origin,deadline_hedged,,1392,1451.933,true,origin,1392,true
300,segment-0300.ts,synthetic,500,Node-deadline-aware,origin,origin-only,deadline_origin,,322.55,,false,origin,322.55,true
301,segment-0301.ts,playlist-derived,2000,Node-deadline-aware,single-peer,hedged-origin,deadline_hedged,439.37,,1459.791,false,peer,439.37,true
302,segment-0302.ts,player-derived,6000,Node-deadline-aware,single-peer,legacy-p2p-first,deadline_relaxed_p2p,648.053,,,false,peer,648.053,true
303,segment-0303.ts,playlist-derived,2000,Node-deadline-aware,single-peer,hedged-origin,deadline_hedged,756.382,,1459.791,false,peer,756.382,true
304,segment-0304.ts,playlist-derived,2000,Node-deadline-aware,single-peer,hedged-origin,deadline_hedged,732.836,,1459.791,false,peer,732.836,true
305,segment-0305.ts,playlist-derived,2000,Node-deadline-aware,single-peer,hedged-origin,deadline_hedged,563.859,,1459.791,false,peer,563.859,true
306,segment-0306.ts,player-derived,6000,Node-deadline-aware,single-peer,legacy-p2p-first,deadline_relaxed_p2p,,1270.425,,false,origin,1270.425,true
307,segment-0307.ts,playlist-derived,2000,Node-deadline-aware,single-peer,hedged-origin,deadline_hedged,542.201,,1443.234,false,peer,542.201,true
308,segment-0308.ts,playlist-derived,2000,Node-deadline-aware,single-peer,hedged-origin,deadline_hedged,547.485,,1443.234,false,peer,547.485,true
309,segment-0309.ts,playlist-derived,2000,Node-deadline-aware,single-peer,hedged-origin,deadline_hedged,1125.755,,1443.234,false,peer,1125.755,true
310,segment-0310.ts,playlist-derived,2000,Node-deadline-aware,single-peer,hedged-origin,deadline_hedged,1022.739,,1443.234,false,peer,1022.739,true
311,segment-0311.ts,unknown,2500,Node-deadline-aware,single-peer,legacy-p2p-first,deadline_unknown_legacy,797.969,,,false,peer,797.969,true
312,segment-0312.ts,playlist-derived,2000,Node-deadline-aware,single-peer,hedged-origin,deadline_hedged,380.415,,1443.234,false,peer,380.415,true
313,segment-0313.ts,playlist-derived,2000,Node-deadline-aware,single-peer,hedged-origin,deadline_hedged,399.069,,1443.234,false,peer,399.069,true
314,segment-0314.ts,player-derived,6000,Node-deadline-aware,single-peer,legacy-p2p-first,deadline_relaxed_p2p,548.361,,,false,peer,548.361,true
315,segment-0315.ts,player-derived,6000,Node-deadline-aware,single-peer,legacy-p2p-first,deadline_relaxed_p2p,932.958,,,false,peer,932.958,true
316,segment-0316.ts,playlist-derived,2000,Node-deadline-aware,single-peer,hedged-origin,deadline_hedged,768.689,,1443.234,false,peer,768.689,true
317,segment-0317.ts,unknown,2500,Node-deadline-aware,single-peer,legacy-p2p-first,deadline_unknown_legacy,352.153,,,false,peer,352.153,true
318,segment-0318.ts,playlist-derived,2000,Node-deadline-aware,single-peer,hedged-origin,deadline_hedged,775.404,,1443.234,false,peer,775.404,true
319,segment-0319.ts,synthetic,500,Node-deadline-aware,origin,origin-only,deadline_origin,,347.953,,false,origin,347.953,true
320,segment-0320.ts,player-derived,6000,Node-deadline-aware,single-peer,legacy-p2p-first,deadline_relaxed_p2p,,1069.713,,false,origin,1069.713,true
321,segment-0321.ts,unknown,2500,Node-deadline-aware,single-peer,legacy-p2p-first,deadline_unknown_legacy,,1031.707,,false,origin,1031.707,true
322,segment-0322.ts,player-derived,6000,Node-deadline-aware,single-peer,legacy-p2p-first,deadline_relaxed_p2p,652.767,,,false,peer,652.767,true
323,segment-0323.ts,player-derived,6000,Node-deadline-aware,single-peer,legacy-p2p-first,deadline_relaxed_p2p,355.991,,,false,peer,355.991,true
324,segment-0324.ts,playlist-derived,2000,Node-deadline-aware,single-peer,hedged-origin,deadline_hedged,,1243.469,1444.584,true,origin,1243.469,true
325,segment-0325.ts,synthetic,500,Node-deadline-aware,origin,origin-only,deadline_origin,,303.505,,false,origin,303.505,true
326,segment-0326.ts,unknown,2500,Node-deadline-aware,single-peer,legacy-p2p-first,deadline_unknown_legacy,944.616,,,false,peer,944.616,true
327,segment-0327.ts,playlist-derived,2000,Node-deadline-aware,single-peer,hedged-origin,deadline_hedged,878.533,,1463.174,false,peer,878.533,true
328,segment-0328.ts,player-derived,6000,Node-deadline-aware,single-peer,legacy-p2p-first,deadline_relaxed_p2p,918.137,,,false,peer,918.137,true
329,segment-0329.ts,unknown,2500,Node-deadline-aware,single-peer,legacy-p2p-first,deadline_unknown_legacy,816.791,,,false,peer,816.791,true
330,segment-0330.ts,player-derived,6000,Node-deadline-aware,single-peer,legacy-p2p-first,deadline_relaxed_p2p,,1159.556,,false,origin,1159.556,true
331,segment-0331.ts,synthetic,500,Node-deadline-aware,origin,origin-only,deadline_origin,,367.891,,false,origin,367.891,true
332,segment-0332.ts,player-derived,6000,Node-deadline-aware,single-peer,legacy-p2p-first,deadline_relaxed_p2p,,1215.51,,false,origin,1215.51,true
333,segment-0333.ts,player-derived,6000,Node-deadline-aware,single-peer,legacy-p2p-first,deadline_relaxed_p2p,717.913,,,false,peer,717.913,true
334,segment-0334.ts,synthetic,500,Node-deadline-aware,origin,origin-only,deadline_origin,,370.111,,false,origin,370.111,true
335,segment-0335.ts,player-derived,6000,Node-deadline-aware,single-peer,legacy-p2p-first,deadline_relaxed_p2p,843.845,,,false,peer,843.845,true
336,segment-0336.ts,player-derived,6000,Node-deadline-aware,single-peer,legacy-p2p-first,deadline_relaxed_p2p,1170.738,,,false,peer,1170.738,true
337,segment-0337.ts,player-derived,6000,Node-deadline-aware,single-peer,legacy-p2p-first,deadline_relaxed_p2p,,959.055,,false,origin,959.055,true
338,segment-0338.ts,playlist-derived,2000,Node-deadline-aware,single-peer,hedged-origin,deadline_hedged,838.661,,1444.622,false,peer,838.661,true
339,segment-0339.ts,synthetic,500,Node-deadline-aware,origin,origin-only,deadline_origin,,394.258,,false,origin,394.258,true
340,segment-0340.ts,synthetic,500,Node-deadline-aware,origin,origin-only,deadline_origin,,306.804,,false,origin,306.804,true
341,segment-0341.ts,playlist-derived,2000,Node-deadline-aware,single-peer,hedged-origin,deadline_hedged,474.25,,1451.03,false,peer,474.25,true
342,segment-0342.ts,playlist-derived,2000,Node-deadline-aware,single-peer,hedged-origin,deadline_hedged,,1044.442,1451.03,true,origin,1044.442,true
343,segment-0343.ts,player-derived,6000,Node-deadline-aware,single-peer,legacy-p2p-first,deadline_relaxed_p2p,1098.418,,,false,peer,1098.418,true
344,segment-0344.ts,player-derived,6000,Node-deadline-aware,single-peer,legacy-p2p-first,deadline_relaxed_p2p,1007.973,,,false,peer,1007.973,true
345,segment-0345.ts,player-derived,6000,Node-deadline-aware,single-peer,legacy-p2p-first,deadline_relaxed_p2p,476.942,,,false,peer,476.942,true
346,segment-0346.ts,player-derived,6000,Node-deadline-aware,single-peer,legacy-p2p-first,deadline_relaxed_p2p,658.046,,,false,peer,658.046,true
347,segment-0347.ts,unknown,2500,Node-deadline-aware,single-peer,legacy-p2p-first,deadline_unknown_legacy,711.998,,,false,peer,711.998,true
348,segment-0348.ts,player-derived,6000,Node-deadline-aware,single-peer,legacy-p2p-first,deadline_relaxed_p2p,823.671,,,false,peer,823.671,true
349,segment-0349.ts,unknown,2500,Node-deadline-aware,single-peer,legacy-p2p-first,deadline_unknown_legacy,946.553,,,false,peer,946.553,true
350,segment-0350.ts,player-derived,6000,Node-deadline-aware,single-peer,legacy-p2p-first,deadline_relaxed_p2p,436.521,,,false,peer,436.521,true
351,segment-0351.ts,playlist-derived,2000,Node-deadline-aware,single-peer,hedged-origin,deadline_hedged,821.988,,1443.986,false,peer,821.988,true
352,segment-0352.ts,player-derived,6000,Node-deadline-aware,single-peer,legacy-p2p-first,deadline_relaxed_p2p,786.078,,,false,peer,786.078,true
353,segment-0353.ts,player-derived,6000,Node-deadline-aware,single-peer,legacy-p2p-first,deadline_relaxed_p2p,1380.946,,,false,peer,1380.946,true
354,segment-0354.ts,playlist-derived,2000,Node-deadline-aware,single-peer,hedged-origin,deadline_hedged,,820.121,1443.986,true,origin,820.121,true
355,segment-0355.ts,synthetic,500,Node-deadline-aware,origin,origin-only,deadline_origin,,356.667,,false,origin,356.667,true
356,segment-0356.ts,playlist-derived,2000,Node-deadline-aware,single-peer,hedged-origin,deadline_hedged,386.133,,1435.656,false,peer,386.133,true
357,segment-0357.ts,unknown,2500,Node-deadline-aware,single-peer,legacy-p2p-first,deadline_unknown_legacy,1124.975,,,false,peer,1124.975,true
358,segment-0358.ts,playlist-derived,2000,Node-deadline-aware,single-peer,hedged-origin,deadline_hedged,361.925,,1435.656,false,peer,361.925,true
359,segment-0359.ts,player-derived,6000,Node-deadline-aware,single-peer,legacy-p2p-first,deadline_relaxed_p2p,1045.251,,,false,peer,1045.251,true
360,segment-0360.ts,synthetic,500,Node-deadline-aware,origin,origin-only,deadline_origin,,335.493,,false,origin,335.493,true
361,segment-0361.ts,player-derived,6000,Node-deadline-aware,single-peer,legacy-p2p-first,deadline_relaxed_p2p,898.48,,,false,peer,898.48,true
362,segment-0362.ts,playlist-derived,2000,Node-deadline-aware,single-peer,hedged-origin,deadline_hedged,1087.742,,1444.311,false,peer,1087.742,true
363,segment-0363.ts,playlist-derived,2000,Node-deadline-aware,single-peer,hedged-origin,deadline_hedged,271.442,,1444.311,false,peer,271.442,true
364,segment-0364.ts,player-derived,6000,Node-deadline-aware,single-peer,legacy-p2p-first,deadline_relaxed_p2p,386.077,,,false,peer,386.077,true
365,segment-0365.ts,unknown,2500,Node-deadline-aware,single-peer,legacy-p2p-first,deadline_unknown_legacy,940.301,,,false,peer,940.301,true
366,segment-0366.ts,playlist-derived,2000,Node-deadline-aware,single-peer,hedged-origin,deadline_hedged,847.359,,1444.311,false,peer,847.359,true
367,segment-0367.ts,playlist-derived,2000,Node-deadline-aware,single-peer,hedged-origin,deadline_hedged,,1141.503,1444.311,true,origin,1141.503,true
368,segment-0368.ts,player-derived,6000,Node-deadline-aware,single-peer,legacy-p2p-first,deadline_relaxed_p2p,1030.391,,,false,peer,1030.391,true
369,segment-0369.ts,unknown,2500,Node-deadline-aware,single-peer,legacy-p2p-first,deadline_unknown_legacy,564.533,,,false,peer,564.533,true
370,segment-0370.ts,player-derived,6000,Node-deadline-aware,single-peer,legacy-p2p-first,deadline_relaxed_p2p,,1149.175,,false,origin,1149.175,true
371,segment-0371.ts,unknown,2500,Node-deadline-aware,single-peer,legacy-p2p-first,deadline_unknown_legacy,,1187.701,,false,origin,1187.701,true
372,segment-0372.ts,unknown,2500,Node-deadline-aware,single-peer,legacy-p2p-first,deadline_unknown_legacy,799.602,,,false,peer,799.602,true
373,segment-0373.ts,playlist-derived,2000,Node-deadline-aware,single-peer,hedged-origin,deadline_hedged,947.921,,1460.621,false,peer,947.921,true
374,segment-0374.ts,player-derived,6000,Node-deadline-aware,single-peer,legacy-p2p-first,deadline_relaxed_p2p,698.462,,,false,peer,698.462,true
375,segment-0375.ts,playlist-derived,2000,Node-deadline-aware,single-peer,hedged-origin,deadline_hedged,1310.898,,1460.621,false,peer,1310.898,true
376,segment-0376.ts,playlist-derived,2000,Node-deadline-aware,single-peer,hedged-origin,deadline_hedged,418.633,,1460.621,false,peer,418.633,true
377,segment-0377.ts,playlist-derived,2000,Node-deadline-aware,single-peer,hedged-origin,deadline_hedged,591.511,,1460.621,false,peer,591.511,true
378,segment-0378.ts,playlist-derived,2000,Node-deadline-aware,single-peer,hedged-origin,deadline_hedged,841.563,,1460.621,false,peer,841.563,true
379,segment-0379.ts,playlist-derived,2000,Node-deadline-aware,single-peer,hedged-origin,deadline_hedged,563.739,,1460.621,false,peer,563.739,true
380,segment-0380.ts,playlist-derived,2000,Node-deadline-aware,single-peer,hedged-origin,deadline_hedged,293.048,,1460.621,false,peer,293.048,true
381,segment-0381.ts,unknown,2500,Node-deadline-aware,single-peer,legacy-p2p-first,deadline_unknown_legacy,,1062.142,,false,origin,1062.142,true
382,segment-0382.ts,player-derived,6000,Node-deadline-aware,single-peer,legacy-p2p-first,deadline_relaxed_p2p,967.34,,,false,peer,967.34,true
383,segment-0383.ts,playlist-derived,2000,Node-deadline-aware,single-peer,hedged-origin,deadline_hedged,1269.072,,1451.738,false,peer,1269.072,true
384,segment-0384.ts,player-derived,6000,Node-deadline-aware,single-peer,legacy-p2p-first,deadline_relaxed_p2p,,1206.825,,false,origin,1206.825,true
385,segment-0385.ts,player-derived,6000,Node-deadline-aware,single-peer,legacy-p2p-first,deadline_relaxed_p2p,,1203.776,,false,origin,1203.776,true
386,segment-0386.ts,playlist-derived,2000,Node-deadline-aware,single-peer,hedged-origin,deadline_hedged,619.55,,1451.733,false,peer,619.55,true
387,segment-0387.ts,player-derived,6000,Node-deadline-aware,single-peer,legacy-p2p-first,deadline_relaxed_p2p,359.263,,,false,peer,359.263,true
388,segment-0388.ts,playlist-derived,2000,Node-deadline-aware,single-peer,hedged-origin,deadline_hedged,532.394,,1451.733,false,peer,532.394,true
389,segment-0389.ts,player-derived,6000,Node-deadline-aware,single-peer,legacy-p2p-first,deadline_relaxed_p2p,570.433,,,false,peer,570.433,true
390,segment-0390.ts,synthetic,500,Node-deadline-aware,origin,origin-only,deadline_origin,,403.314,,false,origin,403.314,true
391,segment-0391.ts,synthetic,500,Node-deadline-aware,origin,origin-only,deadline_origin,,459.601,,false,origin,459.601,true
392,segment-0392.ts,playlist-derived,2000,Node-deadline-aware,single-peer,hedged-origin,deadline_hedged,908.182,,1406.773,false,peer,908.182,true
393,segment-0393.ts,unknown,2500,Node-deadline-aware,single-peer,legacy-p2p-first,deadline_unknown_legacy,981.73,,,false,peer,981.73,true
394,segment-0394.ts,unknown,2500,Node-deadline-aware,single-peer,legacy-p2p-first,deadline_unknown_legacy,,951.126,,false,origin,951.126,true
395,segment-0395.ts,synthetic,500,Node-deadline-aware,origin,origin-only,deadline_origin,,361.429,,false,origin,361.429,true
396,segment-0396.ts,player-derived,6000,Node-deadline-aware,single-peer,legacy-p2p-first,deadline_relaxed_p2p,824.353,,,false,peer,824.353,true
397,segment-0397.ts,playlist-derived,2000,Node-deadline-aware,single-peer,hedged-origin,deadline_hedged,1140.924,,1440.372,false,peer,1140.924,true
398,segment-0398.ts,playlist-derived,2000,Node-deadline-aware,single-peer,hedged-origin,deadline_hedged,,1383.46,1440.372,true,origin,1383.46,true
399,segment-0399.ts,playlist-derived,2000,Node-deadline-aware,single-peer,hedged-origin,deadline_hedged,1336.393,,1472.249,false,peer,1336.393,true
0,segment-0000.ts,player-derived,6000,Browser-legacy,parallel-peers,legacy-p2p-first,parallel_peer_probe,838.64,,,false,peer,838.64,true
1,segment-0001.ts,playlist-derived,2000,Browser-legacy,parallel-peers,legacy-p2p-first,parallel_peer_probe,740.497,,,false,peer,740.497,true
2,segment-0002.ts,playlist-derived,2000,Browser-legacy,parallel-peers,legacy-p2p-first,parallel_peer_probe,717.141,,,false,peer,717.141,true
3,segment-0003.ts,unknown,2500,Browser-legacy,parallel-peers,legacy-p2p-first,parallel_peer_probe,601.104,,,false,peer,601.104,true
4,segment-0004.ts,unknown,2500,Browser-legacy,parallel-peers,legacy-p2p-first,parallel_peer_probe,521.57,,,false,peer,521.57,true
5,segment-0005.ts,unknown,2500,Browser-legacy,parallel-peers,legacy-p2p-first,parallel_peer_probe,735.231,,,false,peer,735.231,true
6,segment-0006.ts,unknown,2500,Browser-legacy,parallel-peers,legacy-p2p-first,parallel_peer_probe,188.325,,,false,peer,188.325,true
7,segment-0007.ts,player-derived,6000,Browser-legacy,parallel-peers,legacy-p2p-first,parallel_peer_probe,491.438,,,false,peer,491.438,true
8,segment-0008.ts,playlist-derived,2000,Browser-legacy,parallel-peers,legacy-p2p-first,parallel_peer_probe,570.858,,,false,peer,570.858,true
9,segment-0009.ts,playlist-derived,2000,Browser-legacy,parallel-peers,legacy-p2p-first,parallel_peer_probe,920.825,,,false,peer,920.825,true
10,segment-0010.ts,player-derived,6000,Browser-legacy,parallel-peers,legacy-p2p-first,parallel_peer_probe,708.766,,,false,peer,708.766,true
11,segment-0011.ts,player-derived,6000,Browser-legacy,parallel-peers,legacy-p2p-first,parallel_peer_probe,881.795,,,false,peer,881.795,true
12,segment-0012.ts,playlist-derived,2000,Browser-legacy,parallel-peers,legacy-p2p-first,parallel_peer_probe,921.43,,,false,peer,921.43,true
13,segment-0013.ts,unknown,2500,Browser-legacy,parallel-peers,legacy-p2p-first,parallel_peer_probe,900.759,,,false,peer,900.759,true
14,segment-0014.ts,synthetic,500,Browser-legacy,parallel-peers,legacy-p2p-first,parallel_peer_probe,175.832,,,false,peer,175.832,true
15,segment-0015.ts,playlist-derived,2000,Browser-legacy,parallel-peers,legacy-p2p-first,parallel_peer_probe,637.415,,,false,peer,637.415,true
16,segment-0016.ts,synthetic,500,Browser-legacy,parallel-peers,legacy-p2p-first,parallel_peer_probe,1107.189,,,false,peer,1107.189,false
17,segment-0017.ts,player-derived,6000,Browser-legacy,parallel-peers,legacy-p2p-first,parallel_peer_probe,384.979,,,false,peer,384.979,true
18,segment-0018.ts,playlist-derived,2000,Browser-legacy,parallel-peers,legacy-p2p-first,parallel_peer_probe,1087.42,,,false,peer,1087.42,true
19,segment-0019.ts,unknown,2500,Browser-legacy,parallel-peers,legacy-p2p-first,parallel_peer_probe,1451.225,,,false,peer,1451.225,true
20,segment-0020.ts,unknown,2500,Browser-legacy,parallel-peers,legacy-p2p-first,parallel_peer_probe,545.449,,,false,peer,545.449,true
21,segment-0021.ts,player-derived,6000,Browser-legacy,parallel-peers,legacy-p2p-first,parallel_peer_probe,1122.06,,,false,peer,1122.06,true
22,segment-0022.ts,player-derived,6000,Browser-legacy,parallel-peers,legacy-p2p-first,parallel_peer_probe,945.833,,,false,peer,945.833,true
23,segment-0023.ts,synthetic,500,Browser-legacy,parallel-peers,legacy-p2p-first,parallel_peer_probe,960.786,,,false,peer,960.786,false
24,segment-0024.ts,playlist-derived,2000,Browser-legacy,parallel-peers,legacy-p2p-first,parallel_peer_probe,853.608,,,false,peer,853.608,true
25,segment-0025.ts,playlist-derived,2000,Browser-legacy,parallel-peers,legacy-p2p-first,parallel_peer_probe,702.877,,,false,peer,702.877,true
26,segment-0026.ts,playlist-derived,2000,Browser-legacy,parallel-peers,legacy-p2p-first,parallel_peer_probe,759.188,,,false,peer,759.188,true
27,segment-0027.ts,player-derived,6000,Browser-legacy,parallel-peers,legacy-p2p-first,parallel_peer_probe,550.766,,,false,peer,550.766,true
28,segment-0028.ts,player-derived,6000,Browser-legacy,parallel-peers,legacy-p2p-first,parallel_peer_probe,761.104,,,false,peer,761.104,true
29,segment-0029.ts,unknown,2500,Browser-legacy,parallel-peers,legacy-p2p-first,parallel_peer_probe,585.594,,,false,peer,585.594,true
30,segment-0030.ts,playlist-derived,2000,Browser-legacy,parallel-peers,legacy-p2p-first,parallel_peer_probe,907.458,,,false,peer,907.458,true
31,segment-0031.ts,player-derived,6000,Browser-legacy,parallel-peers,legacy-p2p-first,parallel_peer_probe,674.564,,,false,peer,674.564,true
32,segment-0032.ts,playlist-derived,2000,Browser-legacy,parallel-peers,legacy-p2p-first,parallel_peer_probe,902.384,,,false,peer,902.384,true
33,segment-0033.ts,player-derived,6000,Browser-legacy,parallel-peers,legacy-p2p-first,parallel_peer_probe,1132.889,,,false,peer,1132.889,true
34,segment-0034.ts,playlist-derived,2000,Browser-legacy,parallel-peers,legacy-p2p-first,parallel_peer_probe,1265.833,,,false,peer,1265.833,true
35,segment-0035.ts,player-derived,6000,Browser-legacy,parallel-peers,legacy-p2p-first,parallel_peer_probe,696.966,,,false,peer,696.966,true
36,segment-0036.ts,playlist-derived,2000,Browser-legacy,parallel-peers,legacy-p2p-first,parallel_peer_probe,768.799,,,false,peer,768.799,true
37,segment-0037.ts,unknown,2500,Browser-legacy,parallel-peers,legacy-p2p-first,parallel_peer_probe,554.622,,,false,peer,554.622,true
38,segment-0038.ts,unknown,2500,Browser-legacy,parallel-peers,legacy-p2p-first,parallel_peer_probe,968.693,,,false,peer,968.693,true
39,segment-0039.ts,player-derived,6000,Browser-legacy,parallel-peers,legacy-p2p-first,parallel_peer_probe,1433.693,,,false,peer,1433.693,true
40,segment-0040.ts,playlist-derived,2000,Browser-legacy,parallel-peers,legacy-p2p-first,parallel_peer_probe,1448.631,,,false,peer,1448.631,true
41,segment-0041.ts,player-derived,6000,Browser-legacy,parallel-peers,legacy-p2p-first,parallel_peer_probe,833.967,,,false,peer,833.967,true
42,segment-0042.ts,unknown,2500,Browser-legacy,parallel-peers,legacy-p2p-first,parallel_peer_probe,1271.02,,,false,peer,1271.02,true
43,segment-0043.ts,unknown,2500,Browser-legacy,parallel-peers,legacy-p2p-first,parallel_peer_probe,1036.206,,,false,peer,1036.206,true
44,segment-0044.ts,playlist-derived,2000,Browser-legacy,parallel-peers,legacy-p2p-first,parallel_peer_probe,977.259,,,false,peer,977.259,true
45,segment-0045.ts,player-derived,6000,Browser-legacy,parallel-peers,legacy-p2p-first,parallel_peer_probe,1319.648,,,false,peer,1319.648,true
46,segment-0046.ts,player-derived,6000,Browser-legacy,parallel-peers,legacy-p2p-first,parallel_peer_probe,824.049,,,false,peer,824.049,true
47,segment-0047.ts,unknown,2500,Browser-legacy,parallel-peers,legacy-p2p-first,parallel_peer_probe,864.815,,,false,peer,864.815,true
48,segment-0048.ts,player-derived,6000,Browser-legacy,parallel-peers,legacy-p2p-first,parallel_peer_probe,1019.264,,,false,peer,1019.264,true
49,segment-0049.ts,unknown,2500,Browser-legacy,parallel-peers,legacy-p2p-first,parallel_peer_probe,1048.142,,,false,peer,1048.142,true
50,segment-0050.ts,unknown,2500,Browser-legacy,parallel-peers,legacy-p2p-first,parallel_peer_probe,732.555,,,false,peer,732.555,true
51,segment-0051.ts,unknown,2500,Browser-legacy,parallel-peers,legacy-p2p-first,parallel_peer_probe,692.19,,,false,peer,692.19,true
52,segment-0052.ts,player-derived,6000,Browser-legacy,parallel-peers,legacy-p2p-first,parallel_peer_probe,380.441,,,false,peer,380.441,true
53,segment-0053.ts,unknown,2500,Browser-legacy,parallel-peers,legacy-p2p-first,parallel_peer_probe,1396.21,,,false,peer,1396.21,true
54,segment-0054.ts,playlist-derived,2000,Browser-legacy,parallel-peers,legacy-p2p-first,parallel_peer_probe,1075.647,,,false,peer,1075.647,true
55,segment-0055.ts,player-derived,6000,Browser-legacy,parallel-peers,legacy-p2p-first,parallel_peer_probe,533.385,,,false,peer,533.385,true
56,segment-0056.ts,playlist-derived,2000,Browser-legacy,parallel-peers,legacy-p2p-first,parallel_peer_probe,1030.956,,,false,peer,1030.956,true
57,segment-0057.ts,playlist-derived,2000,Browser-legacy,parallel-peers,legacy-p2p-first,parallel_peer_probe,903.788,,,false,peer,903.788,true
58,segment-0058.ts,playlist-derived,2000,Browser-legacy,parallel-peers,legacy-p2p-first,parallel_peer_probe,656.994,,,false,peer,656.994,true
59,segment-0059.ts,player-derived,6000,Browser-legacy,parallel-peers,legacy-p2p-first,parallel_peer_probe,126.838,,,false,peer,126.838,true
60,segment-0060.ts,player-derived,6000,Browser-legacy,parallel-peers,legacy-p2p-first,parallel_peer_probe,628.306,,,false,peer,628.306,true
61,segment-0061.ts,synthetic,500,Browser-legacy,parallel-peers,legacy-p2p-first,parallel_peer_probe,870.757,,,false,peer,870.757,false
62,segment-0062.ts,unknown,2500,Browser-legacy,parallel-peers,legacy-p2p-first,parallel_peer_probe,797.567,,,false,peer,797.567,true
63,segment-0063.ts,playlist-derived,2000,Browser-legacy,parallel-peers,legacy-p2p-first,parallel_peer_probe,815.074,,,false,peer,815.074,true
64,segment-0064.ts,player-derived,6000,Browser-legacy,parallel-peers,legacy-p2p-first,parallel_peer_probe,652.748,,,false,peer,652.748,true
65,segment-0065.ts,unknown,2500,Browser-legacy,parallel-peers,legacy-p2p-first,parallel_peer_probe,1029.818,,,false,peer,1029.818,true
66,segment-0066.ts,player-derived,6000,Browser-legacy,parallel-peers,legacy-p2p-first,parallel_peer_probe,448.388,,,false,peer,448.388,true
67,segment-0067.ts,player-derived,6000,Browser-legacy,parallel-peers,legacy-p2p-first,parallel_peer_probe,1149.238,,,false,peer,1149.238,true
68,segment-0068.ts,player-derived,6000,Browser-legacy,parallel-peers,legacy-p2p-first,parallel_peer_probe,915.577,,,false,peer,915.577,true
69,segment-0069.ts,playlist-derived,2000,Browser-legacy,parallel-peers,legacy-p2p-first,parallel_peer_probe,623.736,,,false,peer,623.736,true
70,segment-0070.ts,unknown,2500,Browser-legacy,parallel-peers,legacy-p2p-first,parallel_peer_probe,808.668,,,false,peer,808.668,true
71,segment-0071.ts,synthetic,500,Browser-legacy,parallel-peers,legacy-p2p-first,parallel_peer_probe,891.963,,,false,peer,891.963,false
72,segment-0072.ts,playlist-derived,2000,Browser-legacy,parallel-peers,legacy-p2p-first,parallel_peer_probe,635.66,,,false,peer,635.66,true
73,segment-0073.ts,playlist-derived,2000,Browser-legacy,parallel-peers,legacy-p2p-first,parallel_peer_probe,401.102,,,false,peer,401.102,true
74,segment-0074.ts,playlist-derived,2000,Browser-legacy,parallel-peers,legacy-p2p-first,parallel_peer_probe,677.139,,,false,peer,677.139,true
75,segment-0075.ts,player-derived,6000,Browser-legacy,parallel-peers,legacy-p2p-first,parallel_peer_probe,142.216,,,false,peer,142.216,true
76,segment-0076.ts,unknown,2500,Browser-legacy,parallel-peers,legacy-p2p-first,parallel_peer_probe,659.098,,,false,peer,659.098,true
77,segment-0077.ts,unknown,2500,Browser-legacy,parallel-peers,legacy-p2p-first,parallel_peer_probe,1612.946,,,false,peer,1612.946,true
78,segment-0078.ts,player-derived,6000,Browser-legacy,parallel-peers,legacy-p2p-first,parallel_peer_probe,824.533,,,false,peer,824.533,true
79,segment-0079.ts,playlist-derived,2000,Browser-legacy,parallel-peers,legacy-p2p-first,parallel_peer_probe,1036.418,,,false,peer,1036.418,true
80,segment-0080.ts,player-derived,6000,Browser-legacy,parallel-peers,legacy-p2p-first,parallel_peer_probe,1062.008,,,false,peer,1062.008,true
81,segment-0081.ts,player-derived,6000,Browser-legacy,parallel-peers,legacy-p2p-first,parallel_peer_probe,1567.187,,,false,peer,1567.187,true
82,segment-0082.ts,playlist-derived,2000,Browser-legacy,parallel-peers,legacy-p2p-first,parallel_peer_probe,780.348,,,false,peer,780.348,true
83,segment-0083.ts,playlist-derived,2000,Browser-legacy,parallel-peers,legacy-p2p-first,parallel_peer_probe,863.115,,,false,peer,863.115,true
84,segment-0084.ts,unknown,2500,Browser-legacy,parallel-peers,legacy-p2p-first,parallel_peer_probe,1055.035,,,false,peer,1055.035,true
85,segment-0085.ts,playlist-derived,2000,Browser-legacy,parallel-peers,legacy-p2p-first,parallel_peer_probe,864.732,,,false,peer,864.732,true
86,segment-0086.ts,unknown,2500,Browser-legacy,parallel-peers,legacy-p2p-first,parallel_peer_probe,341.954,,,false,peer,341.954,true
87,segment-0087.ts,synthetic,500,Browser-legacy,parallel-peers,legacy-p2p-first,parallel_peer_probe,314.801,,,false,peer,314.801,true
88,segment-0088.ts,playlist-derived,2000,Browser-legacy,parallel-peers,legacy-p2p-first,parallel_peer_probe,646.173,,,false,peer,646.173,true
89,segment-0089.ts,synthetic,500,Browser-legacy,parallel-peers,legacy-p2p-first,parallel_peer_probe,615.709,,,false,peer,615.709,false
90,segment-0090.ts,synthetic,500,Browser-legacy,parallel-peers,legacy-p2p-first,parallel_peer_probe,552.879,,,false,peer,552.879,false
91,segment-0091.ts,playlist-derived,2000,Browser-legacy,parallel-peers,legacy-p2p-first,parallel_peer_probe,812.159,,,false,peer,812.159,true
92,segment-0092.ts,playlist-derived,2000,Browser-legacy,parallel-peers,legacy-p2p-first,parallel_peer_probe,1083.838,,,false,peer,1083.838,true
93,segment-0093.ts,playlist-derived,2000,Browser-legacy,parallel-peers,legacy-p2p-first,parallel_peer_probe,918.122,,,false,peer,918.122,true
94,segment-0094.ts,playlist-derived,2000,Browser-legacy,parallel-peers,legacy-p2p-first,parallel_peer_probe,247.763,,,false,peer,247.763,true
95,segment-0095.ts,player-derived,6000,Browser-legacy,parallel-peers,legacy-p2p-first,parallel_peer_probe,1071.42,,,false,peer,1071.42,true
96,segment-0096.ts,player-derived,6000,Browser-legacy,parallel-peers,legacy-p2p-first,parallel_peer_probe,1034.949,,,false,peer,1034.949,true
97,segment-0097.ts,player-derived,6000,Browser-legacy,parallel-peers,legacy-p2p-first,parallel_peer_probe,763.299,,,false,peer,763.299,true
98,segment-0098.ts,playlist-derived,2000,Browser-legacy,parallel-peers,legacy-p2p-first,parallel_peer_probe,649.99,,,false,peer,649.99,true
99,segment-0099.ts,unknown,2500,Browser-legacy,parallel-peers,legacy-p2p-first,parallel_peer_probe,1150.298,,,false,peer,1150.298,true
100,segment-0100.ts,synthetic,500,Browser-legacy,parallel-peers,legacy-p2p-first,parallel_peer_probe,996.315,,,false,peer,996.315,false
101,segment-0101.ts,synthetic,500,Browser-legacy,parallel-peers,legacy-p2p-first,parallel_peer_probe,1119.212,,,false,peer,1119.212,false
102,segment-0102.ts,player-derived,6000,Browser-legacy,parallel-peers,legacy-p2p-first,parallel_peer_probe,713.339,,,false,peer,713.339,true
103,segment-0103.ts,player-derived,6000,Browser-legacy,parallel-peers,legacy-p2p-first,parallel_peer_probe,769.12,,,false,peer,769.12,true
104,segment-0104.ts,playlist-derived,2000,Browser-legacy,parallel-peers,legacy-p2p-first,parallel_peer_probe,460.156,,,false,peer,460.156,true
105,segment-0105.ts,player-derived,6000,Browser-legacy,parallel-peers,legacy-p2p-first,parallel_peer_probe,758.578,,,false,peer,758.578,true
106,segment-0106.ts,player-derived,6000,Browser-legacy,parallel-peers,legacy-p2p-first,parallel_peer_probe,433.921,,,false,peer,433.921,true
107,segment-0107.ts,unknown,2500,Browser-legacy,parallel-peers,legacy-p2p-first,parallel_peer_probe,788.408,,,false,peer,788.408,true
108,segment-0108.ts,synthetic,500,Browser-legacy,parallel-peers,legacy-p2p-first,parallel_peer_probe,841.273,,,false,peer,841.273,false
109,segment-0109.ts,synthetic,500,Browser-legacy,parallel-peers,legacy-p2p-first,parallel_peer_probe,551.873,,,false,peer,551.873,false
110,segment-0110.ts,player-derived,6000,Browser-legacy,parallel-peers,legacy-p2p-first,parallel_peer_probe,656.327,,,false,peer,656.327,true
111,segment-0111.ts,synthetic,500,Browser-legacy,parallel-peers,legacy-p2p-first,parallel_peer_probe,640.965,,,false,peer,640.965,false
112,segment-0112.ts,synthetic,500,Browser-legacy,parallel-peers,legacy-p2p-first,parallel_peer_probe,1089.962,,,false,peer,1089.962,false
113,segment-0113.ts,player-derived,6000,Browser-legacy,parallel-peers,legacy-p2p-first,parallel_peer_probe,685.03,,,false,peer,685.03,true
114,segment-0114.ts,unknown,2500,Browser-legacy,parallel-peers,legacy-p2p-first,parallel_peer_probe,868.46,,,false,peer,868.46,true
115,segment-0115.ts,playlist-derived,2000,Browser-legacy,parallel-peers,legacy-p2p-first,parallel_peer_probe,576.841,,,false,peer,576.841,true
116,segment-0116.ts,synthetic,500,Browser-legacy,parallel-peers,legacy-p2p-first,parallel_peer_probe,620.337,,,false,peer,620.337,false
117,segment-0117.ts,unknown,2500,Browser-legacy,parallel-peers,legacy-p2p-first,parallel_peer_probe,1203.206,,,false,peer,1203.206,true
118,segment-0118.ts,synthetic,500,Browser-legacy,parallel-peers,legacy-p2p-first,parallel_peer_probe,962.139,,,false,peer,962.139,false
119,segment-0119.ts,playlist-derived,2000,Browser-legacy,parallel-peers,legacy-p2p-first,parallel_peer_probe,1192.23,,,false,peer,1192.23,true
120,segment-0120.ts,synthetic,500,Browser-legacy,parallel-peers,legacy-p2p-first,parallel_peer_probe,616.3,,,false,peer,616.3,false
121,segment-0121.ts,synthetic,500,Browser-legacy,parallel-peers,legacy-p2p-first,parallel_peer_probe,1103.955,,,false,peer,1103.955,false
122,segment-0122.ts,playlist-derived,2000,Browser-legacy,parallel-peers,legacy-p2p-first,parallel_peer_probe,1173.932,,,false,peer,1173.932,true
123,segment-0123.ts,player-derived,6000,Browser-legacy,parallel-peers,legacy-p2p-first,parallel_peer_probe,549.979,,,false,peer,549.979,true
124,segment-0124.ts,player-derived,6000,Browser-legacy,parallel-peers,legacy-p2p-first,parallel_peer_probe,622.457,,,false,peer,622.457,true
125,segment-0125.ts,unknown,2500,Browser-legacy,parallel-peers,legacy-p2p-first,parallel_peer_probe,473.092,,,false,peer,473.092,true
126,segment-0126.ts,playlist-derived,2000,Browser-legacy,parallel-peers,legacy-p2p-first,parallel_peer_probe,1002.82,,,false,peer,1002.82,true
127,segment-0127.ts,synthetic,500,Browser-legacy,parallel-peers,legacy-p2p-first,parallel_peer_probe,1196,,,false,peer,1196,false
128,segment-0128.ts,unknown,2500,Browser-legacy,parallel-peers,legacy-p2p-first,parallel_peer_probe,347.059,,,false,peer,347.059,true
129,segment-0129.ts,unknown,2500,Browser-legacy,parallel-peers,legacy-p2p-first,parallel_peer_probe,591.587,,,false,peer,591.587,true
130,segment-0130.ts,unknown,2500,Browser-legacy,parallel-peers,legacy-p2p-first,parallel_peer_probe,1118.421,,,false,peer,1118.421,true
131,segment-0131.ts,unknown,2500,Browser-legacy,parallel-peers,legacy-p2p-first,parallel_peer_probe,801.724,,,false,peer,801.724,true
132,segment-0132.ts,player-derived,6000,Browser-legacy,parallel-peers,legacy-p2p-first,parallel_peer_probe,977.695,,,false,peer,977.695,true
133,segment-0133.ts,player-derived,6000,Browser-legacy,parallel-peers,legacy-p2p-first,parallel_peer_probe,486.46,,,false,peer,486.46,true
134,segment-0134.ts,playlist-derived,2000,Browser-legacy,parallel-peers,legacy-p2p-first,parallel_peer_probe,703.642,,,false,peer,703.642,true
135,segment-0135.ts,player-derived,6000,Browser-legacy,parallel-peers,legacy-p2p-first,parallel_peer_probe,484.823,,,false,peer,484.823,true
136,segment-0136.ts,playlist-derived,2000,Browser-legacy,parallel-peers,legacy-p2p-first,parallel_peer_probe,866.012,,,false,peer,866.012,true
137,segment-0137.ts,unknown,2500,Browser-legacy,parallel-peers,legacy-p2p-first,parallel_peer_probe,1079.098,,,false,peer,1079.098,true
138,segment-0138.ts,player-derived,6000,Browser-legacy,parallel-peers,legacy-p2p-first,parallel_peer_probe,1000.375,,,false,peer,1000.375,true
139,segment-0139.ts,player-derived,6000,Browser-legacy,parallel-peers,legacy-p2p-first,parallel_peer_probe,1203.106,,,false,peer,1203.106,true
140,segment-0140.ts,player-derived,6000,Browser-legacy,parallel-peers,legacy-p2p-first,parallel_peer_probe,621.298,,,false,peer,621.298,true
141,segment-0141.ts,unknown,2500,Browser-legacy,parallel-peers,legacy-p2p-first,parallel_peer_probe,788.407,,,false,peer,788.407,true
142,segment-0142.ts,player-derived,6000,Browser-legacy,parallel-peers,legacy-p2p-first,parallel_peer_probe,877.019,,,false,peer,877.019,true
143,segment-0143.ts,playlist-derived,2000,Browser-legacy,parallel-peers,legacy-p2p-first,parallel_peer_probe,704.815,,,false,peer,704.815,true
144,segment-0144.ts,unknown,2500,Browser-legacy,parallel-peers,legacy-p2p-first,parallel_peer_probe,248.53,,,false,peer,248.53,true
145,segment-0145.ts,playlist-derived,2000,Browser-legacy,parallel-peers,legacy-p2p-first,parallel_peer_probe,1038.699,,,false,peer,1038.699,true
146,segment-0146.ts,playlist-derived,2000,Browser-legacy,parallel-peers,legacy-p2p-first,parallel_peer_probe,1192.555,,,false,peer,1192.555,true
147,segment-0147.ts,synthetic,500,Browser-legacy,parallel-peers,legacy-p2p-first,parallel_peer_probe,989.781,,,false,peer,989.781,false
148,segment-0148.ts,unknown,2500,Browser-legacy,parallel-peers,legacy-p2p-first,parallel_peer_probe,813.793,,,false,peer,813.793,true
149,segment-0149.ts,synthetic,500,Browser-legacy,parallel-peers,legacy-p2p-first,parallel_peer_probe,847.995,,,false,peer,847.995,false
150,segment-0150.ts,playlist-derived,2000,Browser-legacy,parallel-peers,legacy-p2p-first,parallel_peer_probe,,2009.228,,false,origin,2009.228,false
151,segment-0151.ts,synthetic,500,Browser-legacy,parallel-peers,legacy-p2p-first,parallel_peer_probe,921.313,,,false,peer,921.313,false
152,segment-0152.ts,synthetic,500,Browser-legacy,parallel-peers,legacy-p2p-first,parallel_peer_probe,472.508,,,false,peer,472.508,true
153,segment-0153.ts,synthetic,500,Browser-legacy,parallel-peers,legacy-p2p-first,parallel_peer_probe,355.488,,,false,peer,355.488,true
154,segment-0154.ts,playlist-derived,2000,Browser-legacy,parallel-peers,legacy-p2p-first,parallel_peer_probe,657.021,,,false,peer,657.021,true
155,segment-0155.ts,playlist-derived,2000,Browser-legacy,parallel-peers,legacy-p2p-first,parallel_peer_probe,809.837,,,false,peer,809.837,true
156,segment-0156.ts,playlist-derived,2000,Browser-legacy,parallel-peers,legacy-p2p-first,parallel_peer_probe,382.473,,,false,peer,382.473,true
157,segment-0157.ts,unknown,2500,Browser-legacy,parallel-peers,legacy-p2p-first,parallel_peer_probe,509.238,,,false,peer,509.238,true
158,segment-0158.ts,synthetic,500,Browser-legacy,parallel-peers,legacy-p2p-first,parallel_peer_probe,544.923,,,false,peer,544.923,false
159,segment-0159.ts,playlist-derived,2000,Browser-legacy,parallel-peers,legacy-p2p-first,parallel_peer_probe,960.709,,,false,peer,960.709,true
160,segment-0160.ts,synthetic,500,Browser-legacy,parallel-peers,legacy-p2p-first,parallel_peer_probe,934.127,,,false,peer,934.127,false
161,segment-0161.ts,playlist-derived,2000,Browser-legacy,parallel-peers,legacy-p2p-first,parallel_peer_probe,1193.014,,,false,peer,1193.014,true
162,segment-0162.ts,playlist-derived,2000,Browser-legacy,parallel-peers,legacy-p2p-first,parallel_peer_probe,1198.756,,,false,peer,1198.756,true
163,segment-0163.ts,playlist-derived,2000,Browser-legacy,parallel-peers,legacy-p2p-first,parallel_peer_probe,488.161,,,false,peer,488.161,true
164,segment-0164.ts,player-derived,6000,Browser-legacy,parallel-peers,legacy-p2p-first,parallel_peer_probe,1136.62,,,false,peer,1136.62,true
165,segment-0165.ts,playlist-derived,2000,Browser-legacy,parallel-peers,legacy-p2p-first,parallel_peer_probe,1045.889,,,false,peer,1045.889,true
166,segment-0166.ts,playlist-derived,2000,Browser-legacy,parallel-peers,legacy-p2p-first,parallel_peer_probe,,1531.261,,false,origin,1531.261,true
167,segment-0167.ts,player-derived,6000,Browser-legacy,parallel-peers,legacy-p2p-first,parallel_peer_probe,628.345,,,false,peer,628.345,true
168,segment-0168.ts,playlist-derived,2000,Browser-legacy,parallel-peers,legacy-p2p-first,parallel_peer_probe,904.695,,,false,peer,904.695,true
169,segment-0169.ts,synthetic,500,Browser-legacy,parallel-peers,legacy-p2p-first,parallel_peer_probe,766.974,,,false,peer,766.974,false
170,segment-0170.ts,player-derived,6000,Browser-legacy,parallel-peers,legacy-p2p-first,parallel_peer_probe,782.16,,,false,peer,782.16,true
171,segment-0171.ts,player-derived,6000,Browser-legacy,parallel-peers,legacy-p2p-first,parallel_peer_probe,945.445,,,false,peer,945.445,true
172,segment-0172.ts,player-derived,6000,Browser-legacy,parallel-peers,legacy-p2p-first,parallel_peer_probe,1246.039,,,false,peer,1246.039,true
173,segment-0173.ts,playlist-derived,2000,Browser-legacy,parallel-peers,legacy-p2p-first,parallel_peer_probe,901.06,,,false,peer,901.06,true
174,segment-0174.ts,playlist-derived,2000,Browser-legacy,parallel-peers,legacy-p2p-first,parallel_peer_probe,1070.527,,,false,peer,1070.527,true
175,segment-0175.ts,player-derived,6000,Browser-legacy,parallel-peers,legacy-p2p-first,parallel_peer_probe,1081.808,,,false,peer,1081.808,true
176,segment-0176.ts,synthetic,500,Browser-legacy,parallel-peers,legacy-p2p-first,parallel_peer_probe,573.385,,,false,peer,573.385,false
177,segment-0177.ts,synthetic,500,Browser-legacy,parallel-peers,legacy-p2p-first,parallel_peer_probe,833.695,,,false,peer,833.695,false
178,segment-0178.ts,unknown,2500,Browser-legacy,parallel-peers,legacy-p2p-first,parallel_peer_probe,822.754,,,false,peer,822.754,true
179,segment-0179.ts,unknown,2500,Browser-legacy,parallel-peers,legacy-p2p-first,parallel_peer_probe,787.548,,,false,peer,787.548,true
180,segment-0180.ts,synthetic,500,Browser-legacy,parallel-peers,legacy-p2p-first,parallel_peer_probe,1041.513,,,false,peer,1041.513,false
181,segment-0181.ts,player-derived,6000,Browser-legacy,parallel-peers,legacy-p2p-first,parallel_peer_probe,1064.026,,,false,peer,1064.026,true
182,segment-0182.ts,synthetic,500,Browser-legacy,parallel-peers,legacy-p2p-first,parallel_peer_probe,1192.006,,,false,peer,1192.006,false
183,segment-0183.ts,playlist-derived,2000,Browser-legacy,parallel-peers,legacy-p2p-first,parallel_peer_probe,560.183,,,false,peer,560.183,true
184,segment-0184.ts,playlist-derived,2000,Browser-legacy,parallel-peers,legacy-p2p-first,parallel_peer_probe,564.971,,,false,peer,564.971,true
185,segment-0185.ts,player-derived,6000,Browser-legacy,parallel-peers,legacy-p2p-first,parallel_peer_probe,771.013,,,false,peer,771.013,true
186,segment-0186.ts,synthetic,500,Browser-legacy,parallel-peers,legacy-p2p-first,parallel_peer_probe,763.888,,,false,peer,763.888,false
187,segment-0187.ts,player-derived,6000,Browser-legacy,parallel-peers,legacy-p2p-first,parallel_peer_probe,791.428,,,false,peer,791.428,true
188,segment-0188.ts,unknown,2500,Browser-legacy,parallel-peers,legacy-p2p-first,parallel_peer_probe,744.098,,,false,peer,744.098,true
189,segment-0189.ts,synthetic,500,Browser-legacy,parallel-peers,legacy-p2p-first,parallel_peer_probe,755.718,,,false,peer,755.718,false
190,segment-0190.ts,synthetic,500,Browser-legacy,parallel-peers,legacy-p2p-first,parallel_peer_probe,790.304,,,false,peer,790.304,false
191,segment-0191.ts,playlist-derived,2000,Browser-legacy,parallel-peers,legacy-p2p-first,parallel_peer_probe,694.82,,,false,peer,694.82,true
192,segment-0192.ts,synthetic,500,Browser-legacy,parallel-peers,legacy-p2p-first,parallel_peer_probe,1129.239,,,false,peer,1129.239,false
193,segment-0193.ts,unknown,2500,Browser-legacy,parallel-peers,legacy-p2p-first,parallel_peer_probe,665.393,,,false,peer,665.393,true
194,segment-0194.ts,unknown,2500,Browser-legacy,parallel-peers,legacy-p2p-first,parallel_peer_probe,1012.549,,,false,peer,1012.549,true
195,segment-0195.ts,player-derived,6000,Browser-legacy,parallel-peers,legacy-p2p-first,parallel_peer_probe,719.518,,,false,peer,719.518,true
196,segment-0196.ts,playlist-derived,2000,Browser-legacy,parallel-peers,legacy-p2p-first,parallel_peer_probe,718.156,,,false,peer,718.156,true
197,segment-0197.ts,player-derived,6000,Browser-legacy,parallel-peers,legacy-p2p-first,parallel_peer_probe,891.71,,,false,peer,891.71,true
198,segment-0198.ts,playlist-derived,2000,Browser-legacy,parallel-peers,legacy-p2p-first,parallel_peer_probe,1003.55,,,false,peer,1003.55,true
199,segment-0199.ts,unknown,2500,Browser-legacy,parallel-peers,legacy-p2p-first,parallel_peer_probe,839.433,,,false,peer,839.433,true
200,segment-0200.ts,player-derived,6000,Browser-legacy,parallel-peers,legacy-p2p-first,parallel_peer_probe,1526.648,,,false,peer,1526.648,true
201,segment-0201.ts,playlist-derived,2000,Browser-legacy,parallel-peers,legacy-p2p-first,parallel_peer_probe,640.88,,,false,peer,640.88,true
202,segment-0202.ts,playlist-derived,2000,Browser-legacy,parallel-peers,legacy-p2p-first,parallel_peer_probe,401.15,,,false,peer,401.15,true
203,segment-0203.ts,unknown,2500,Browser-legacy,parallel-peers,legacy-p2p-first,parallel_peer_probe,1364.699,,,false,peer,1364.699,true
204,segment-0204.ts,unknown,2500,Browser-legacy,parallel-peers,legacy-p2p-first,parallel_peer_probe,506.021,,,false,peer,506.021,true
205,segment-0205.ts,playlist-derived,2000,Browser-legacy,parallel-peers,legacy-p2p-first,parallel_peer_probe,654.424,,,false,peer,654.424,true
206,segment-0206.ts,player-derived,6000,Browser-legacy,parallel-peers,legacy-p2p-first,parallel_peer_probe,495.44,,,false,peer,495.44,true
207,segment-0207.ts,player-derived,6000,Browser-legacy,parallel-peers,legacy-p2p-first,parallel_peer_probe,656.69,,,false,peer,656.69,true
208,segment-0208.ts,unknown,2500,Browser-legacy,parallel-peers,legacy-p2p-first,parallel_peer_probe,341.148,,,false,peer,341.148,true
209,segment-0209.ts,synthetic,500,Browser-legacy,parallel-peers,legacy-p2p-first,parallel_peer_probe,739.494,,,false,peer,739.494,false
210,segment-0210.ts,playlist-derived,2000,Browser-legacy,parallel-peers,legacy-p2p-first,parallel_peer_probe,591.725,,,false,peer,591.725,true
211,segment-0211.ts,unknown,2500,Browser-legacy,parallel-peers,legacy-p2p-first,parallel_peer_probe,599.721,,,false,peer,599.721,true
212,segment-0212.ts,player-derived,6000,Browser-legacy,parallel-peers,legacy-p2p-first,parallel_peer_probe,785.303,,,false,peer,785.303,true
213,segment-0213.ts,playlist-derived,2000,Browser-legacy,parallel-peers,legacy-p2p-first,parallel_peer_probe,748.962,,,false,peer,748.962,true
214,segment-0214.ts,player-derived,6000,Browser-legacy,parallel-peers,legacy-p2p-first,parallel_peer_probe,636.057,,,false,peer,636.057,true
215,segment-0215.ts,unknown,2500,Browser-legacy,parallel-peers,legacy-p2p-first,parallel_peer_probe,1342.215,,,false,peer,1342.215,true
216,segment-0216.ts,playlist-derived,2000,Browser-legacy,parallel-peers,legacy-p2p-first,parallel_peer_probe,1456.985,,,false,peer,1456.985,true
217,segment-0217.ts,synthetic,500,Browser-legacy,parallel-peers,legacy-p2p-first,parallel_peer_probe,835.732,,,false,peer,835.732,false
218,segment-0218.ts,player-derived,6000,Browser-legacy,parallel-peers,legacy-p2p-first,parallel_peer_probe,487.308,,,false,peer,487.308,true
219,segment-0219.ts,synthetic,500,Browser-legacy,parallel-peers,legacy-p2p-first,parallel_peer_probe,875.227,,,false,peer,875.227,false
220,segment-0220.ts,unknown,2500,Browser-legacy,parallel-peers,legacy-p2p-first,parallel_peer_probe,1260.875,,,false,peer,1260.875,true
221,segment-0221.ts,playlist-derived,2000,Browser-legacy,parallel-peers,legacy-p2p-first,parallel_peer_probe,716.232,,,false,peer,716.232,true
222,segment-0222.ts,unknown,2500,Browser-legacy,parallel-peers,legacy-p2p-first,parallel_peer_probe,559.196,,,false,peer,559.196,true
223,segment-0223.ts,player-derived,6000,Browser-legacy,parallel-peers,legacy-p2p-first,parallel_peer_probe,734.548,,,false,peer,734.548,true
224,segment-0224.ts,player-derived,6000,Browser-legacy,parallel-peers,legacy-p2p-first,parallel_peer_probe,405.247,,,false,peer,405.247,true
225,segment-0225.ts,player-derived,6000,Browser-legacy,parallel-peers,legacy-p2p-first,parallel_peer_probe,1251.509,,,false,peer,1251.509,true
226,segment-0226.ts,player-derived,6000,Browser-legacy,parallel-peers,legacy-p2p-first,parallel_peer_probe,1070.357,,,false,peer,1070.357,true
227,segment-0227.ts,synthetic,500,Browser-legacy,parallel-peers,legacy-p2p-first,parallel_peer_probe,281.632,,,false,peer,281.632,true
228,segment-0228.ts,unknown,2500,Browser-legacy,parallel-peers,legacy-p2p-first,parallel_peer_probe,879.578,,,false,peer,879.578,true
229,segment-0229.ts,playlist-derived,2000,Browser-legacy,parallel-peers,legacy-p2p-first,parallel_peer_probe,978.32,,,false,peer,978.32,true
230,segment-0230.ts,playlist-derived,2000,Browser-legacy,parallel-peers,legacy-p2p-first,parallel_peer_probe,803.05,,,false,peer,803.05,true
231,segment-0231.ts,synthetic,500,Browser-legacy,parallel-peers,legacy-p2p-first,parallel_peer_probe,1421.175,,,false,peer,1421.175,false
232,segment-0232.ts,synthetic,500,Browser-legacy,parallel-peers,legacy-p2p-first,parallel_peer_probe,597.147,,,false,peer,597.147,false
233,segment-0233.ts,player-derived,6000,Browser-legacy,parallel-peers,legacy-p2p-first,parallel_peer_probe,913.937,,,false,peer,913.937,true
234,segment-0234.ts,unknown,2500,Browser-legacy,parallel-peers,legacy-p2p-first,parallel_peer_probe,649.133,,,false,peer,649.133,true
235,segment-0235.ts,player-derived,6000,Browser-legacy,parallel-peers,legacy-p2p-first,parallel_peer_probe,995.999,,,false,peer,995.999,true
236,segment-0236.ts,player-derived,6000,Browser-legacy,parallel-peers,legacy-p2p-first,parallel_peer_probe,871.996,,,false,peer,871.996,true
237,segment-0237.ts,unknown,2500,Browser-legacy,parallel-peers,legacy-p2p-first,parallel_peer_probe,898.579,,,false,peer,898.579,true
238,segment-0238.ts,playlist-derived,2000,Browser-legacy,parallel-peers,legacy-p2p-first,parallel_peer_probe,555.867,,,false,peer,555.867,true
239,segment-0239.ts,playlist-derived,2000,Browser-legacy,parallel-peers,legacy-p2p-first,parallel_peer_probe,533.797,,,false,peer,533.797,true
240,segment-0240.ts,synthetic,500,Browser-legacy,parallel-peers,legacy-p2p-first,parallel_peer_probe,642.571,,,false,peer,642.571,false
241,segment-0241.ts,unknown,2500,Browser-legacy,parallel-peers,legacy-p2p-first,parallel_peer_probe,759.693,,,false,peer,759.693,true
242,segment-0242.ts,unknown,2500,Browser-legacy,parallel-peers,legacy-p2p-first,parallel_peer_probe,1139.415,,,false,peer,1139.415,true
243,segment-0243.ts,playlist-derived,2000,Browser-legacy,parallel-peers,legacy-p2p-first,parallel_peer_probe,579.045,,,false,peer,579.045,true
244,segment-0244.ts,synthetic,500,Browser-legacy,parallel-peers,legacy-p2p-first,parallel_peer_probe,1177.016,,,false,peer,1177.016,false
245,segment-0245.ts,unknown,2500,Browser-legacy,parallel-peers,legacy-p2p-first,parallel_peer_probe,476.157,,,false,peer,476.157,true
246,segment-0246.ts,unknown,2500,Browser-legacy,parallel-peers,legacy-p2p-first,parallel_peer_probe,1072.796,,,false,peer,1072.796,true
247,segment-0247.ts,playlist-derived,2000,Browser-legacy,parallel-peers,legacy-p2p-first,parallel_peer_probe,289.115,,,false,peer,289.115,true
248,segment-0248.ts,playlist-derived,2000,Browser-legacy,parallel-peers,legacy-p2p-first,parallel_peer_probe,827.566,,,false,peer,827.566,true
249,segment-0249.ts,synthetic,500,Browser-legacy,parallel-peers,legacy-p2p-first,parallel_peer_probe,657.15,,,false,peer,657.15,false
250,segment-0250.ts,playlist-derived,2000,Browser-legacy,parallel-peers,legacy-p2p-first,parallel_peer_probe,662.016,,,false,peer,662.016,true
251,segment-0251.ts,unknown,2500,Browser-legacy,parallel-peers,legacy-p2p-first,parallel_peer_probe,1797.148,,,false,peer,1797.148,true
252,segment-0252.ts,synthetic,500,Browser-legacy,parallel-peers,legacy-p2p-first,parallel_peer_probe,736.232,,,false,peer,736.232,false
253,segment-0253.ts,synthetic,500,Browser-legacy,parallel-peers,legacy-p2p-first,parallel_peer_probe,613.61,,,false,peer,613.61,false
254,segment-0254.ts,playlist-derived,2000,Browser-legacy,parallel-peers,legacy-p2p-first,parallel_peer_probe,566.668,,,false,peer,566.668,true
255,segment-0255.ts,playlist-derived,2000,Browser-legacy,parallel-peers,legacy-p2p-first,parallel_peer_probe,1069.777,,,false,peer,1069.777,true
256,segment-0256.ts,unknown,2500,Browser-legacy,parallel-peers,legacy-p2p-first,parallel_peer_probe,379.309,,,false,peer,379.309,true
257,segment-0257.ts,playlist-derived,2000,Browser-legacy,parallel-peers,legacy-p2p-first,parallel_peer_probe,656.813,,,false,peer,656.813,true
258,segment-0258.ts,synthetic,500,Browser-legacy,parallel-peers,legacy-p2p-first,parallel_peer_probe,1087.963,,,false,peer,1087.963,false
259,segment-0259.ts,player-derived,6000,Browser-legacy,parallel-peers,legacy-p2p-first,parallel_peer_probe,1049.636,,,false,peer,1049.636,true
260,segment-0260.ts,player-derived,6000,Browser-legacy,parallel-peers,legacy-p2p-first,parallel_peer_probe,800.461,,,false,peer,800.461,true
261,segment-0261.ts,synthetic,500,Browser-legacy,parallel-peers,legacy-p2p-first,parallel_peer_probe,1116.481,,,false,peer,1116.481,false
262,segment-0262.ts,playlist-derived,2000,Browser-legacy,parallel-peers,legacy-p2p-first,parallel_peer_probe,1012.192,,,false,peer,1012.192,true
263,segment-0263.ts,playlist-derived,2000,Browser-legacy,parallel-peers,legacy-p2p-first,parallel_peer_probe,898.103,,,false,peer,898.103,true
264,segment-0264.ts,player-derived,6000,Browser-legacy,parallel-peers,legacy-p2p-first,parallel_peer_probe,1025.966,,,false,peer,1025.966,true
265,segment-0265.ts,synthetic,500,Browser-legacy,parallel-peers,legacy-p2p-first,parallel_peer_probe,1147.642,,,false,peer,1147.642,false
266,segment-0266.ts,unknown,2500,Browser-legacy,parallel-peers,legacy-p2p-first,parallel_peer_probe,433.404,,,false,peer,433.404,true
267,segment-0267.ts,synthetic,500,Browser-legacy,parallel-peers,legacy-p2p-first,parallel_peer_probe,1066.372,,,false,peer,1066.372,false
268,segment-0268.ts,synthetic,500,Browser-legacy,parallel-peers,legacy-p2p-first,parallel_peer_probe,1149.157,,,false,peer,1149.157,false
269,segment-0269.ts,player-derived,6000,Browser-legacy,parallel-peers,legacy-p2p-first,parallel_peer_probe,1027.803,,,false,peer,1027.803,true
270,segment-0270.ts,playlist-derived,2000,Browser-legacy,parallel-peers,legacy-p2p-first,parallel_peer_probe,785.642,,,false,peer,785.642,true
271,segment-0271.ts,unknown,2500,Browser-legacy,parallel-peers,legacy-p2p-first,parallel_peer_probe,715.89,,,false,peer,715.89,true
272,segment-0272.ts,synthetic,500,Browser-legacy,parallel-peers,legacy-p2p-first,parallel_peer_probe,1035.44,,,false,peer,1035.44,false
273,segment-0273.ts,player-derived,6000,Browser-legacy,parallel-peers,legacy-p2p-first,parallel_peer_probe,609.489,,,false,peer,609.489,true
274,segment-0274.ts,playlist-derived,2000,Browser-legacy,parallel-peers,legacy-p2p-first,parallel_peer_probe,530.394,,,false,peer,530.394,true
275,segment-0275.ts,player-derived,6000,Browser-legacy,parallel-peers,legacy-p2p-first,parallel_peer_probe,1259.684,,,false,peer,1259.684,true
276,segment-0276.ts,playlist-derived,2000,Browser-legacy,parallel-peers,legacy-p2p-first,parallel_peer_probe,1136.908,,,false,peer,1136.908,true
277,segment-0277.ts,synthetic,500,Browser-legacy,parallel-peers,legacy-p2p-first,parallel_peer_probe,1040.488,,,false,peer,1040.488,false
278,segment-0278.ts,unknown,2500,Browser-legacy,parallel-peers,legacy-p2p-first,parallel_peer_probe,1264.281,,,false,peer,1264.281,true
279,segment-0279.ts,synthetic,500,Browser-legacy,parallel-peers,legacy-p2p-first,parallel_peer_probe,1114.872,,,false,peer,1114.872,false
280,segment-0280.ts,unknown,2500,Browser-legacy,parallel-peers,legacy-p2p-first,parallel_peer_probe,997.393,,,false,peer,997.393,true
281,segment-0281.ts,player-derived,6000,Browser-legacy,parallel-peers,legacy-p2p-first,parallel_peer_probe,260.752,,,false,peer,260.752,true
282,segment-0282.ts,player-derived,6000,Browser-legacy,parallel-peers,legacy-p2p-first,parallel_peer_probe,578.541,,,false,peer,578.541,true
283,segment-0283.ts,player-derived,6000,Browser-legacy,parallel-peers,legacy-p2p-first,parallel_peer_probe,716.832,,,false,peer,716.832,true
284,segment-0284.ts,unknown,2500,Browser-legacy,parallel-peers,legacy-p2p-first,parallel_peer_probe,964.463,,,false,peer,964.463,true
285,segment-0285.ts,playlist-derived,2000,Browser-legacy,parallel-peers,legacy-p2p-first,parallel_peer_probe,1152.773,,,false,peer,1152.773,true
286,segment-0286.ts,player-derived,6000,Browser-legacy,parallel-peers,legacy-p2p-first,parallel_peer_probe,539.785,,,false,peer,539.785,true
287,segment-0287.ts,playlist-derived,2000,Browser-legacy,parallel-peers,legacy-p2p-first,parallel_peer_probe,584.671,,,false,peer,584.671,true
288,segment-0288.ts,player-derived,6000,Browser-legacy,parallel-peers,legacy-p2p-first,parallel_peer_probe,729.393,,,false,peer,729.393,true
289,segment-0289.ts,playlist-derived,2000,Browser-legacy,parallel-peers,legacy-p2p-first,parallel_peer_probe,1100.695,,,false,peer,1100.695,true
290,segment-0290.ts,synthetic,500,Browser-legacy,parallel-peers,legacy-p2p-first,parallel_peer_probe,939.806,,,false,peer,939.806,false
291,segment-0291.ts,playlist-derived,2000,Browser-legacy,parallel-peers,legacy-p2p-first,parallel_peer_probe,845.315,,,false,peer,845.315,true
292,segment-0292.ts,player-derived,6000,Browser-legacy,parallel-peers,legacy-p2p-first,parallel_peer_probe,1163.119,,,false,peer,1163.119,true
293,segment-0293.ts,unknown,2500,Browser-legacy,parallel-peers,legacy-p2p-first,parallel_peer_probe,,1329.245,,false,origin,1329.245,true
294,segment-0294.ts,unknown,2500,Browser-legacy,parallel-peers,legacy-p2p-first,parallel_peer_probe,784.14,,,false,peer,784.14,true
295,segment-0295.ts,player-derived,6000,Browser-legacy,parallel-peers,legacy-p2p-first,parallel_peer_probe,818.008,,,false,peer,818.008,true
296,segment-0296.ts,synthetic,500,Browser-legacy,parallel-peers,legacy-p2p-first,parallel_peer_probe,654.211,,,false,peer,654.211,false
297,segment-0297.ts,synthetic,500,Browser-legacy,parallel-peers,legacy-p2p-first,parallel_peer_probe,789.37,,,false,peer,789.37,false
298,segment-0298.ts,player-derived,6000,Browser-legacy,parallel-peers,legacy-p2p-first,parallel_peer_probe,779.731,,,false,peer,779.731,true
299,segment-0299.ts,playlist-derived,2000,Browser-legacy,parallel-peers,legacy-p2p-first,parallel_peer_probe,964.959,,,false,peer,964.959,true
300,segment-0300.ts,synthetic,500,Browser-legacy,parallel-peers,legacy-p2p-first,parallel_peer_probe,414.539,,,false,peer,414.539,true
301,segment-0301.ts,playlist-derived,2000,Browser-legacy,parallel-peers,legacy-p2p-first,parallel_peer_probe,439.37,,,false,peer,439.37,true
302,segment-0302.ts,player-derived,6000,Browser-legacy,parallel-peers,legacy-p2p-first,parallel_peer_probe,648.053,,,false,peer,648.053,true
303,segment-0303.ts,playlist-derived,2000,Browser-legacy,parallel-peers,legacy-p2p-first,parallel_peer_probe,747.215,,,false,peer,747.215,true
304,segment-0304.ts,playlist-derived,2000,Browser-legacy,parallel-peers,legacy-p2p-first,parallel_peer_probe,833.953,,,false,peer,833.953,true
305,segment-0305.ts,playlist-derived,2000,Browser-legacy,parallel-peers,legacy-p2p-first,parallel_peer_probe,824.567,,,false,peer,824.567,true
306,segment-0306.ts,player-derived,6000,Browser-legacy,parallel-peers,legacy-p2p-first,parallel_peer_probe,,1639.425,,false,origin,1639.425,true
307,segment-0307.ts,playlist-derived,2000,Browser-legacy,parallel-peers,legacy-p2p-first,parallel_peer_probe,542.201,,,false,peer,542.201,true
308,segment-0308.ts,playlist-derived,2000,Browser-legacy,parallel-peers,legacy-p2p-first,parallel_peer_probe,547.485,,,false,peer,547.485,true
309,segment-0309.ts,playlist-derived,2000,Browser-legacy,parallel-peers,legacy-p2p-first,parallel_peer_probe,1075.035,,,false,peer,1075.035,true
310,segment-0310.ts,playlist-derived,2000,Browser-legacy,parallel-peers,legacy-p2p-first,parallel_peer_probe,1022.739,,,false,peer,1022.739,true
311,segment-0311.ts,unknown,2500,Browser-legacy,parallel-peers,legacy-p2p-first,parallel_peer_probe,797.969,,,false,peer,797.969,true
312,segment-0312.ts,playlist-derived,2000,Browser-legacy,parallel-peers,legacy-p2p-first,parallel_peer_probe,380.415,,,false,peer,380.415,true
313,segment-0313.ts,playlist-derived,2000,Browser-legacy,parallel-peers,legacy-p2p-first,parallel_peer_probe,399.069,,,false,peer,399.069,true
314,segment-0314.ts,player-derived,6000,Browser-legacy,parallel-peers,legacy-p2p-first,parallel_peer_probe,548.361,,,false,peer,548.361,true
315,segment-0315.ts,player-derived,6000,Browser-legacy,parallel-peers,legacy-p2p-first,parallel_peer_probe,628.473,,,false,peer,628.473,true
316,segment-0316.ts,playlist-derived,2000,Browser-legacy,parallel-peers,legacy-p2p-first,parallel_peer_probe,768.689,,,false,peer,768.689,true
317,segment-0317.ts,unknown,2500,Browser-legacy,parallel-peers,legacy-p2p-first,parallel_peer_probe,1264.343,,,false,peer,1264.343,true
318,segment-0318.ts,playlist-derived,2000,Browser-legacy,parallel-peers,legacy-p2p-first,parallel_peer_probe,775.404,,,false,peer,775.404,true
319,segment-0319.ts,synthetic,500,Browser-legacy,parallel-peers,legacy-p2p-first,parallel_peer_probe,1149.223,,,false,peer,1149.223,false
320,segment-0320.ts,player-derived,6000,Browser-legacy,parallel-peers,legacy-p2p-first,parallel_peer_probe,674.106,,,false,peer,674.106,true
321,segment-0321.ts,unknown,2500,Browser-legacy,parallel-peers,legacy-p2p-first,parallel_peer_probe,606.654,,,false,peer,606.654,true
322,segment-0322.ts,player-derived,6000,Browser-legacy,parallel-peers,legacy-p2p-first,parallel_peer_probe,,1718.422,,false,origin,1718.422,true
323,segment-0323.ts,player-derived,6000,Browser-legacy,parallel-peers,legacy-p2p-first,parallel_peer_probe,355.991,,,false,peer,355.991,true
324,segment-0324.ts,playlist-derived,2000,Browser-legacy,parallel-peers,legacy-p2p-first,parallel_peer_probe,928.097,,,false,peer,928.097,true
325,segment-0325.ts,synthetic,500,Browser-legacy,parallel-peers,legacy-p2p-first,parallel_peer_probe,823.522,,,false,peer,823.522,false
326,segment-0326.ts,unknown,2500,Browser-legacy,parallel-peers,legacy-p2p-first,parallel_peer_probe,944.616,,,false,peer,944.616,true
327,segment-0327.ts,playlist-derived,2000,Browser-legacy,parallel-peers,legacy-p2p-first,parallel_peer_probe,769.681,,,false,peer,769.681,true
328,segment-0328.ts,player-derived,6000,Browser-legacy,parallel-peers,legacy-p2p-first,parallel_peer_probe,784.442,,,false,peer,784.442,true
329,segment-0329.ts,unknown,2500,Browser-legacy,parallel-peers,legacy-p2p-first,parallel_peer_probe,947.203,,,false,peer,947.203,true
330,segment-0330.ts,player-derived,6000,Browser-legacy,parallel-peers,legacy-p2p-first,parallel_peer_probe,935.557,,,false,peer,935.557,true
331,segment-0331.ts,synthetic,500,Browser-legacy,parallel-peers,legacy-p2p-first,parallel_peer_probe,503.827,,,false,peer,503.827,false
332,segment-0332.ts,player-derived,6000,Browser-legacy,parallel-peers,legacy-p2p-first,parallel_peer_probe,1235.119,,,false,peer,1235.119,true
333,segment-0333.ts,player-derived,6000,Browser-legacy,parallel-peers,legacy-p2p-first,parallel_peer_probe,717.913,,,false,peer,717.913,true
334,segment-0334.ts,synthetic,500,Browser-legacy,parallel-peers,legacy-p2p-first,parallel_peer_probe,605.075,,,false,peer,605.075,false
335,segment-0335.ts,player-derived,6000,Browser-legacy,parallel-peers,legacy-p2p-first,parallel_peer_probe,843.845,,,false,peer,843.845,true
336,segment-0336.ts,player-derived,6000,Browser-legacy,parallel-peers,legacy-p2p-first,parallel_peer_probe,683.392,,,false,peer,683.392,true
337,segment-0337.ts,player-derived,6000,Browser-legacy,parallel-peers,legacy-p2p-first,parallel_peer_probe,717.434,,,false,peer,717.434,true
338,segment-0338.ts,playlist-derived,2000,Browser-legacy,parallel-peers,legacy-p2p-first,parallel_peer_probe,838.661,,,false,peer,838.661,true
339,segment-0339.ts,synthetic,500,Browser-legacy,parallel-peers,legacy-p2p-first,parallel_peer_probe,412.175,,,false,peer,412.175,true
340,segment-0340.ts,synthetic,500,Browser-legacy,parallel-peers,legacy-p2p-first,parallel_peer_probe,1117.014,,,false,peer,1117.014,false
341,segment-0341.ts,playlist-derived,2000,Browser-legacy,parallel-peers,legacy-p2p-first,parallel_peer_probe,722.175,,,false,peer,722.175,true
342,segment-0342.ts,playlist-derived,2000,Browser-legacy,parallel-peers,legacy-p2p-first,parallel_peer_probe,1250.802,,,false,peer,1250.802,true
343,segment-0343.ts,player-derived,6000,Browser-legacy,parallel-peers,legacy-p2p-first,parallel_peer_probe,651.482,,,false,peer,651.482,true
344,segment-0344.ts,player-derived,6000,Browser-legacy,parallel-peers,legacy-p2p-first,parallel_peer_probe,586.522,,,false,peer,586.522,true
345,segment-0345.ts,player-derived,6000,Browser-legacy,parallel-peers,legacy-p2p-first,parallel_peer_probe,475.689,,,false,peer,475.689,true
346,segment-0346.ts,player-derived,6000,Browser-legacy,parallel-peers,legacy-p2p-first,parallel_peer_probe,616.074,,,false,peer,616.074,true
347,segment-0347.ts,unknown,2500,Browser-legacy,parallel-peers,legacy-p2p-first,parallel_peer_probe,711.998,,,false,peer,711.998,true
348,segment-0348.ts,player-derived,6000,Browser-legacy,parallel-peers,legacy-p2p-first,parallel_peer_probe,823.671,,,false,peer,823.671,true
349,segment-0349.ts,unknown,2500,Browser-legacy,parallel-peers,legacy-p2p-first,parallel_peer_probe,1917.671,,,false,peer,1917.671,true
350,segment-0350.ts,player-derived,6000,Browser-legacy,parallel-peers,legacy-p2p-first,parallel_peer_probe,436.521,,,false,peer,436.521,true
351,segment-0351.ts,playlist-derived,2000,Browser-legacy,parallel-peers,legacy-p2p-first,parallel_peer_probe,714.201,,,false,peer,714.201,true
352,segment-0352.ts,player-derived,6000,Browser-legacy,parallel-peers,legacy-p2p-first,parallel_peer_probe,786.078,,,false,peer,786.078,true
353,segment-0353.ts,player-derived,6000,Browser-legacy,parallel-peers,legacy-p2p-first,parallel_peer_probe,834.374,,,false,peer,834.374,true
354,segment-0354.ts,playlist-derived,2000,Browser-legacy,parallel-peers,legacy-p2p-first,parallel_peer_probe,752.741,,,false,peer,752.741,true
355,segment-0355.ts,synthetic,500,Browser-legacy,parallel-peers,legacy-p2p-first,parallel_peer_probe,264.625,,,false,peer,264.625,true
356,segment-0356.ts,playlist-derived,2000,Browser-legacy,parallel-peers,legacy-p2p-first,parallel_peer_probe,471.366,,,false,peer,471.366,true
357,segment-0357.ts,unknown,2500,Browser-legacy,parallel-peers,legacy-p2p-first,parallel_peer_probe,882.585,,,false,peer,882.585,true
358,segment-0358.ts,playlist-derived,2000,Browser-legacy,parallel-peers,legacy-p2p-first,parallel_peer_probe,859.247,,,false,peer,859.247,true
359,segment-0359.ts,player-derived,6000,Browser-legacy,parallel-peers,legacy-p2p-first,parallel_peer_probe,741.642,,,false,peer,741.642,true
360,segment-0360.ts,synthetic,500,Browser-legacy,parallel-peers,legacy-p2p-first,parallel_peer_probe,872.15,,,false,peer,872.15,false
361,segment-0361.ts,player-derived,6000,Browser-legacy,parallel-peers,legacy-p2p-first,parallel_peer_probe,865.906,,,false,peer,865.906,true
362,segment-0362.ts,playlist-derived,2000,Browser-legacy,parallel-peers,legacy-p2p-first,parallel_peer_probe,937.119,,,false,peer,937.119,true
363,segment-0363.ts,playlist-derived,2000,Browser-legacy,parallel-peers,legacy-p2p-first,parallel_peer_probe,1066.774,,,false,peer,1066.774,true
364,segment-0364.ts,player-derived,6000,Browser-legacy,parallel-peers,legacy-p2p-first,parallel_peer_probe,386.077,,,false,peer,386.077,true
365,segment-0365.ts,unknown,2500,Browser-legacy,parallel-peers,legacy-p2p-first,parallel_peer_probe,902.598,,,false,peer,902.598,true
366,segment-0366.ts,playlist-derived,2000,Browser-legacy,parallel-peers,legacy-p2p-first,parallel_peer_probe,847.359,,,false,peer,847.359,true
367,segment-0367.ts,playlist-derived,2000,Browser-legacy,parallel-peers,legacy-p2p-first,parallel_peer_probe,625.308,,,false,peer,625.308,true
368,segment-0368.ts,player-derived,6000,Browser-legacy,parallel-peers,legacy-p2p-first,parallel_peer_probe,328.751,,,false,peer,328.751,true
369,segment-0369.ts,unknown,2500,Browser-legacy,parallel-peers,legacy-p2p-first,parallel_peer_probe,964.299,,,false,peer,964.299,true
370,segment-0370.ts,player-derived,6000,Browser-legacy,parallel-peers,legacy-p2p-first,parallel_peer_probe,1235.083,,,false,peer,1235.083,true
371,segment-0371.ts,unknown,2500,Browser-legacy,parallel-peers,legacy-p2p-first,parallel_peer_probe,1220.018,,,false,peer,1220.018,true
372,segment-0372.ts,unknown,2500,Browser-legacy,parallel-peers,legacy-p2p-first,parallel_peer_probe,432.153,,,false,peer,432.153,true
373,segment-0373.ts,playlist-derived,2000,Browser-legacy,parallel-peers,legacy-p2p-first,parallel_peer_probe,1055.813,,,false,peer,1055.813,true
374,segment-0374.ts,player-derived,6000,Browser-legacy,parallel-peers,legacy-p2p-first,parallel_peer_probe,698.462,,,false,peer,698.462,true
375,segment-0375.ts,playlist-derived,2000,Browser-legacy,parallel-peers,legacy-p2p-first,parallel_peer_probe,1310.898,,,false,peer,1310.898,true
376,segment-0376.ts,playlist-derived,2000,Browser-legacy,parallel-peers,legacy-p2p-first,parallel_peer_probe,884.922,,,false,peer,884.922,true
377,segment-0377.ts,playlist-derived,2000,Browser-legacy,parallel-peers,legacy-p2p-first,parallel_peer_probe,591.511,,,false,peer,591.511,true
378,segment-0378.ts,playlist-derived,2000,Browser-legacy,parallel-peers,legacy-p2p-first,parallel_peer_probe,841.563,,,false,peer,841.563,true
379,segment-0379.ts,playlist-derived,2000,Browser-legacy,parallel-peers,legacy-p2p-first,parallel_peer_probe,563.739,,,false,peer,563.739,true
380,segment-0380.ts,playlist-derived,2000,Browser-legacy,parallel-peers,legacy-p2p-first,parallel_peer_probe,293.048,,,false,peer,293.048,true
381,segment-0381.ts,unknown,2500,Browser-legacy,parallel-peers,legacy-p2p-first,parallel_peer_probe,612.427,,,false,peer,612.427,true
382,segment-0382.ts,player-derived,6000,Browser-legacy,parallel-peers,legacy-p2p-first,parallel_peer_probe,1051.315,,,false,peer,1051.315,true
383,segment-0383.ts,playlist-derived,2000,Browser-legacy,parallel-peers,legacy-p2p-first,parallel_peer_probe,1181.921,,,false,peer,1181.921,true
384,segment-0384.ts,player-derived,6000,Browser-legacy,parallel-peers,legacy-p2p-first,parallel_peer_probe,932.985,,,false,peer,932.985,true
385,segment-0385.ts,player-derived,6000,Browser-legacy,parallel-peers,legacy-p2p-first,parallel_peer_probe,865.767,,,false,peer,865.767,true
386,segment-0386.ts,playlist-derived,2000,Browser-legacy,parallel-peers,legacy-p2p-first,parallel_peer_probe,619.55,,,false,peer,619.55,true
387,segment-0387.ts,player-derived,6000,Browser-legacy,parallel-peers,legacy-p2p-first,parallel_peer_probe,427.592,,,false,peer,427.592,true
388,segment-0388.ts,playlist-derived,2000,Browser-legacy,parallel-peers,legacy-p2p-first,parallel_peer_probe,858.55,,,false,peer,858.55,true
389,segment-0389.ts,player-derived,6000,Browser-legacy,parallel-peers,legacy-p2p-first,parallel_peer_probe,827.234,,,false,peer,827.234,true
390,segment-0390.ts,synthetic,500,Browser-legacy,parallel-peers,legacy-p2p-first,parallel_peer_probe,1017.502,,,false,peer,1017.502,false
391,segment-0391.ts,synthetic,500,Browser-legacy,parallel-peers,legacy-p2p-first,parallel_peer_probe,988.783,,,false,peer,988.783,false
392,segment-0392.ts,playlist-derived,2000,Browser-legacy,parallel-peers,legacy-p2p-first,parallel_peer_probe,673.144,,,false,peer,673.144,true
393,segment-0393.ts,unknown,2500,Browser-legacy,parallel-peers,legacy-p2p-first,parallel_peer_probe,981.73,,,false,peer,981.73,true
394,segment-0394.ts,unknown,2500,Browser-legacy,parallel-peers,legacy-p2p-first,parallel_peer_probe,1082.548,,,false,peer,1082.548,true
395,segment-0395.ts,synthetic,500,Browser-legacy,parallel-peers,legacy-p2p-first,parallel_peer_probe,579.321,,,false,peer,579.321,false
396,segment-0396.ts,player-derived,6000,Browser-legacy,parallel-peers,legacy-p2p-first,parallel_peer_probe,824.353,,,false,peer,824.353,true
397,segment-0397.ts,playlist-derived,2000,Browser-legacy,parallel-peers,legacy-p2p-first,parallel_peer_probe,940.705,,,false,peer,940.705,true
398,segment-0398.ts,playlist-derived,2000,Browser-legacy,parallel-peers,legacy-p2p-first,parallel_peer_probe,673.262,,,false,peer,673.262,true
399,segment-0399.ts,playlist-derived,2000,Browser-legacy,parallel-peers,legacy-p2p-first,parallel_peer_probe,774.864,,,false,peer,774.864,true
0,segment-0000.ts,player-derived,6000,Browser-deadline-aware,parallel-peers,legacy-p2p-first,deadline_relaxed_p2p,838.64,,,false,peer,838.64,true
1,segment-0001.ts,playlist-derived,2000,Browser-deadline-aware,parallel-peers,hedged-origin,deadline_hedged,740.497,,1300,false,peer,740.497,true
2,segment-0002.ts,playlist-derived,2000,Browser-deadline-aware,parallel-peers,hedged-origin,deadline_hedged,717.141,,1300,false,peer,717.141,true
3,segment-0003.ts,unknown,2500,Browser-deadline-aware,parallel-peers,legacy-p2p-first,deadline_unknown_legacy,601.104,,,false,peer,601.104,true
4,segment-0004.ts,unknown,2500,Browser-deadline-aware,parallel-peers,legacy-p2p-first,deadline_unknown_legacy,521.57,,,false,peer,521.57,true
5,segment-0005.ts,unknown,2500,Browser-deadline-aware,parallel-peers,legacy-p2p-first,deadline_unknown_legacy,735.231,,,false,peer,735.231,true
6,segment-0006.ts,unknown,2500,Browser-deadline-aware,parallel-peers,legacy-p2p-first,deadline_unknown_legacy,188.325,,,false,peer,188.325,true
7,segment-0007.ts,player-derived,6000,Browser-deadline-aware,parallel-peers,legacy-p2p-first,deadline_relaxed_p2p,491.438,,,false,peer,491.438,true
8,segment-0008.ts,playlist-derived,2000,Browser-deadline-aware,parallel-peers,hedged-origin,deadline_hedged,570.858,,1300,false,peer,570.858,true
9,segment-0009.ts,playlist-derived,2000,Browser-deadline-aware,parallel-peers,hedged-origin,deadline_hedged,920.825,,1300,false,peer,920.825,true
10,segment-0010.ts,player-derived,6000,Browser-deadline-aware,parallel-peers,legacy-p2p-first,deadline_relaxed_p2p,708.766,,,false,peer,708.766,true
11,segment-0011.ts,player-derived,6000,Browser-deadline-aware,parallel-peers,legacy-p2p-first,deadline_relaxed_p2p,881.795,,,false,peer,881.795,true
12,segment-0012.ts,playlist-derived,2000,Browser-deadline-aware,parallel-peers,hedged-origin,deadline_hedged,921.43,,1300,false,peer,921.43,true
13,segment-0013.ts,unknown,2500,Browser-deadline-aware,parallel-peers,legacy-p2p-first,deadline_unknown_legacy,900.759,,,false,peer,900.759,true
14,segment-0014.ts,synthetic,500,Browser-deadline-aware,origin,origin-only,deadline_origin,,401.231,,false,origin,401.231,true
15,segment-0015.ts,playlist-derived,2000,Browser-deadline-aware,parallel-peers,hedged-origin,deadline_hedged,637.415,,1329.631,false,peer,637.415,true
16,segment-0016.ts,synthetic,500,Browser-deadline-aware,origin,origin-only,deadline_origin,,422.125,,false,origin,422.125,true
17,segment-0017.ts,player-derived,6000,Browser-deadline-aware,parallel-peers,legacy-p2p-first,deadline_relaxed_p2p,384.979,,,false,peer,384.979,true
18,segment-0018.ts,playlist-derived,2000,Browser-deadline-aware,parallel-peers,hedged-origin,deadline_hedged,1087.42,,1344.104,false,peer,1087.42,true
19,segment-0019.ts,unknown,2500,Browser-deadline-aware,parallel-peers,legacy-p2p-first,deadline_unknown_legacy,1451.225,,,false,peer,1451.225,true
20,segment-0020.ts,unknown,2500,Browser-deadline-aware,parallel-peers,legacy-p2p-first,deadline_unknown_legacy,545.449,,,false,peer,545.449,true
21,segment-0021.ts,player-derived,6000,Browser-deadline-aware,parallel-peers,legacy-p2p-first,deadline_relaxed_p2p,1122.06,,,false,peer,1122.06,true
22,segment-0022.ts,player-derived,6000,Browser-deadline-aware,parallel-peers,legacy-p2p-first,deadline_relaxed_p2p,945.833,,,false,peer,945.833,true
23,segment-0023.ts,synthetic,500,Browser-deadline-aware,origin,origin-only,deadline_origin,,365.028,,false,origin,365.028,true
24,segment-0024.ts,playlist-derived,2000,Browser-deadline-aware,parallel-peers,hedged-origin,deadline_hedged,853.608,,1371.364,false,peer,853.608,true
25,segment-0025.ts,playlist-derived,2000,Browser-deadline-aware,parallel-peers,hedged-origin,deadline_hedged,702.877,,1371.364,false,peer,702.877,true
26,segment-0026.ts,playlist-derived,2000,Browser-deadline-aware,parallel-peers,hedged-origin,deadline_hedged,759.188,,1371.364,false,peer,759.188,true
27,segment-0027.ts,player-derived,6000,Browser-deadline-aware,parallel-peers,legacy-p2p-first,deadline_relaxed_p2p,550.766,,,false,peer,550.766,true
28,segment-0028.ts,player-derived,6000,Browser-deadline-aware,parallel-peers,legacy-p2p-first,deadline_relaxed_p2p,761.104,,,false,peer,761.104,true
29,segment-0029.ts,unknown,2500,Browser-deadline-aware,parallel-peers,legacy-p2p-first,deadline_unknown_legacy,585.594,,,false,peer,585.594,true
30,segment-0030.ts,playlist-derived,2000,Browser-deadline-aware,parallel-peers,hedged-origin,deadline_hedged,907.458,,1371.364,false,peer,907.458,true
31,segment-0031.ts,player-derived,6000,Browser-deadline-aware,parallel-peers,legacy-p2p-first,deadline_relaxed_p2p,674.564,,,false,peer,674.564,true
32,segment-0032.ts,playlist-derived,2000,Browser-deadline-aware,parallel-peers,hedged-origin,deadline_hedged,902.384,,1371.364,false,peer,902.384,true
33,segment-0033.ts,player-derived,6000,Browser-deadline-aware,parallel-peers,legacy-p2p-first,deadline_relaxed_p2p,1132.889,,,false,peer,1132.889,true
34,segment-0034.ts,playlist-derived,2000,Browser-deadline-aware,parallel-peers,hedged-origin,deadline_hedged,1265.833,,1371.364,false,peer,1265.833,true
35,segment-0035.ts,player-derived,6000,Browser-deadline-aware,parallel-peers,legacy-p2p-first,deadline_relaxed_p2p,696.966,,,false,peer,696.966,true
36,segment-0036.ts,playlist-derived,2000,Browser-deadline-aware,parallel-peers,hedged-origin,deadline_hedged,768.799,,1371.364,false,peer,768.799,true
37,segment-0037.ts,unknown,2500,Browser-deadline-aware,parallel-peers,legacy-p2p-first,deadline_unknown_legacy,554.622,,,false,peer,554.622,true
38,segment-0038.ts,unknown,2500,Browser-deadline-aware,parallel-peers,legacy-p2p-first,deadline_unknown_legacy,968.693,,,false,peer,968.693,true
39,segment-0039.ts,player-derived,6000,Browser-deadline-aware,parallel-peers,legacy-p2p-first,deadline_relaxed_p2p,1433.693,,,false,peer,1433.693,true
40,segment-0040.ts,playlist-derived,2000,Browser-deadline-aware,parallel-peers,hedged-origin,deadline_hedged,1448.631,1752.518,1371.364,true,peer,1448.631,true
41,segment-0041.ts,player-derived,6000,Browser-deadline-aware,parallel-peers,legacy-p2p-first,deadline_relaxed_p2p,833.967,,,false,peer,833.967,true
42,segment-0042.ts,unknown,2500,Browser-deadline-aware,parallel-peers,legacy-p2p-first,deadline_unknown_legacy,1271.02,,,false,peer,1271.02,true
43,segment-0043.ts,unknown,2500,Browser-deadline-aware,parallel-peers,legacy-p2p-first,deadline_unknown_legacy,1036.206,,,false,peer,1036.206,true
44,segment-0044.ts,playlist-derived,2000,Browser-deadline-aware,parallel-peers,hedged-origin,deadline_hedged,977.259,,1371.364,false,peer,977.259,true
45,segment-0045.ts,player-derived,6000,Browser-deadline-aware,parallel-peers,legacy-p2p-first,deadline_relaxed_p2p,1319.648,,,false,peer,1319.648,true
46,segment-0046.ts,player-derived,6000,Browser-deadline-aware,parallel-peers,legacy-p2p-first,deadline_relaxed_p2p,824.049,,,false,peer,824.049,true
47,segment-0047.ts,unknown,2500,Browser-deadline-aware,parallel-peers,legacy-p2p-first,deadline_unknown_legacy,864.815,,,false,peer,864.815,true
48,segment-0048.ts,player-derived,6000,Browser-deadline-aware,parallel-peers,legacy-p2p-first,deadline_relaxed_p2p,1019.264,,,false,peer,1019.264,true
49,segment-0049.ts,unknown,2500,Browser-deadline-aware,parallel-peers,legacy-p2p-first,deadline_unknown_legacy,1048.142,,,false,peer,1048.142,true
50,segment-0050.ts,unknown,2500,Browser-deadline-aware,parallel-peers,legacy-p2p-first,deadline_unknown_legacy,732.555,,,false,peer,732.555,true
51,segment-0051.ts,unknown,2500,Browser-deadline-aware,parallel-peers,legacy-p2p-first,deadline_unknown_legacy,692.19,,,false,peer,692.19,true
52,segment-0052.ts,player-derived,6000,Browser-deadline-aware,parallel-peers,legacy-p2p-first,deadline_relaxed_p2p,380.441,,,false,peer,380.441,true
53,segment-0053.ts,unknown,2500,Browser-deadline-aware,parallel-peers,legacy-p2p-first,deadline_unknown_legacy,1396.21,,,false,peer,1396.21,true
54,segment-0054.ts,playlist-derived,2000,Browser-deadline-aware,parallel-peers,hedged-origin,deadline_hedged,1075.647,,1371.364,false,peer,1075.647,true
55,segment-0055.ts,player-derived,6000,Browser-deadline-aware,parallel-peers,legacy-p2p-first,deadline_relaxed_p2p,533.385,,,false,peer,533.385,true
56,segment-0056.ts,playlist-derived,2000,Browser-deadline-aware,parallel-peers,hedged-origin,deadline_hedged,1030.956,,1371.364,false,peer,1030.956,true
57,segment-0057.ts,playlist-derived,2000,Browser-deadline-aware,parallel-peers,hedged-origin,deadline_hedged,903.788,,1371.364,false,peer,903.788,true
58,segment-0058.ts,playlist-derived,2000,Browser-deadline-aware,parallel-peers,hedged-origin,deadline_hedged,656.994,,1371.364,false,peer,656.994,true
59,segment-0059.ts,player-derived,6000,Browser-deadline-aware,parallel-peers,legacy-p2p-first,deadline_relaxed_p2p,126.838,,,false,peer,126.838,true
60,segment-0060.ts,player-derived,6000,Browser-deadline-aware,parallel-peers,legacy-p2p-first,deadline_relaxed_p2p,628.306,,,false,peer,628.306,true
61,segment-0061.ts,synthetic,500,Browser-deadline-aware,origin,origin-only,deadline_origin,,421.055,,false,origin,421.055,true
62,segment-0062.ts,unknown,2500,Browser-deadline-aware,parallel-peers,legacy-p2p-first,deadline_unknown_legacy,797.567,,,false,peer,797.567,true
63,segment-0063.ts,playlist-derived,2000,Browser-deadline-aware,parallel-peers,hedged-origin,deadline_hedged,815.074,,1373.639,false,peer,815.074,true
64,segment-0064.ts,player-derived,6000,Browser-deadline-aware,parallel-peers,legacy-p2p-first,deadline_relaxed_p2p,652.748,,,false,peer,652.748,true
65,segment-0065.ts,unknown,2500,Browser-deadline-aware,parallel-peers,legacy-p2p-first,deadline_unknown_legacy,1029.818,,,false,peer,1029.818,true
66,segment-0066.ts,player-derived,6000,Browser-deadline-aware,parallel-peers,legacy-p2p-first,deadline_relaxed_p2p,448.388,,,false,peer,448.388,true
67,segment-0067.ts,player-derived,6000,Browser-deadline-aware,parallel-peers,legacy-p2p-first,deadline_relaxed_p2p,1149.238,,,false,peer,1149.238,true
68,segment-0068.ts,player-derived,6000,Browser-deadline-aware,parallel-peers,legacy-p2p-first,deadline_relaxed_p2p,915.577,,,false,peer,915.577,true
69,segment-0069.ts,playlist-derived,2000,Browser-deadline-aware,parallel-peers,hedged-origin,deadline_hedged,623.736,,1373.639,false,peer,623.736,true
70,segment-0070.ts,unknown,2500,Browser-deadline-aware,parallel-peers,legacy-p2p-first,deadline_unknown_legacy,808.668,,,false,peer,808.668,true
71,segment-0071.ts,synthetic,500,Browser-deadline-aware,origin,origin-only,deadline_origin,,424.906,,false,origin,424.906,true
72,segment-0072.ts,playlist-derived,2000,Browser-deadline-aware,parallel-peers,hedged-origin,deadline_hedged,635.66,,1374.075,false,peer,635.66,true
73,segment-0073.ts,playlist-derived,2000,Browser-deadline-aware,parallel-peers,hedged-origin,deadline_hedged,401.102,,1374.075,false,peer,401.102,true
74,segment-0074.ts,playlist-derived,2000,Browser-deadline-aware,parallel-peers,hedged-origin,deadline_hedged,677.139,,1374.075,false,peer,677.139,true
75,segment-0075.ts,player-derived,6000,Browser-deadline-aware,parallel-peers,legacy-p2p-first,deadline_relaxed_p2p,142.216,,,false,peer,142.216,true
76,segment-0076.ts,unknown,2500,Browser-deadline-aware,parallel-peers,legacy-p2p-first,deadline_unknown_legacy,659.098,,,false,peer,659.098,true
77,segment-0077.ts,unknown,2500,Browser-deadline-aware,parallel-peers,legacy-p2p-first,deadline_unknown_legacy,1612.946,,,false,peer,1612.946,true
78,segment-0078.ts,player-derived,6000,Browser-deadline-aware,parallel-peers,legacy-p2p-first,deadline_relaxed_p2p,824.533,,,false,peer,824.533,true
79,segment-0079.ts,playlist-derived,2000,Browser-deadline-aware,parallel-peers,hedged-origin,deadline_hedged,1036.418,,1374.075,false,peer,1036.418,true
80,segment-0080.ts,player-derived,6000,Browser-deadline-aware,parallel-peers,legacy-p2p-first,deadline_relaxed_p2p,1062.008,,,false,peer,1062.008,true
81,segment-0081.ts,player-derived,6000,Browser-deadline-aware,parallel-peers,legacy-p2p-first,deadline_relaxed_p2p,1567.187,,,false,peer,1567.187,true
82,segment-0082.ts,playlist-derived,2000,Browser-deadline-aware,parallel-peers,hedged-origin,deadline_hedged,780.348,,1374.075,false,peer,780.348,true
83,segment-0083.ts,playlist-derived,2000,Browser-deadline-aware,parallel-peers,hedged-origin,deadline_hedged,863.115,,1374.075,false,peer,863.115,true
84,segment-0084.ts,unknown,2500,Browser-deadline-aware,parallel-peers,legacy-p2p-first,deadline_unknown_legacy,1055.035,,,false,peer,1055.035,true
85,segment-0085.ts,playlist-derived,2000,Browser-deadline-aware,parallel-peers,hedged-origin,deadline_hedged,864.732,,1374.075,false,peer,864.732,true
86,segment-0086.ts,unknown,2500,Browser-deadline-aware,parallel-peers,legacy-p2p-first,deadline_unknown_legacy,341.954,,,false,peer,341.954,true
87,segment-0087.ts,synthetic,500,Browser-deadline-aware,origin,origin-only,deadline_origin,,422.643,,false,origin,422.643,true
88,segment-0088.ts,playlist-derived,2000,Browser-deadline-aware,parallel-peers,hedged-origin,deadline_hedged,646.173,,1375.06,false,peer,646.173,true
89,segment-0089.ts,synthetic,500,Browser-deadline-aware,origin,origin-only,deadline_origin,,308.805,,false,origin,308.805,true
90,segment-0090.ts,synthetic,500,Browser-deadline-aware,origin,origin-only,deadline_origin,,430.295,,false,origin,430.295,true
91,segment-0091.ts,playlist-derived,2000,Browser-deadline-aware,parallel-peers,hedged-origin,deadline_hedged,812.159,,1397.842,false,peer,812.159,true
92,segment-0092.ts,playlist-derived,2000,Browser-deadline-aware,parallel-peers,hedged-origin,deadline_hedged,1083.838,,1397.842,false,peer,1083.838,true
93,segment-0093.ts,playlist-derived,2000,Browser-deadline-aware,parallel-peers,hedged-origin,deadline_hedged,918.122,,1397.842,false,peer,918.122,true
94,segment-0094.ts,playlist-derived,2000,Browser-deadline-aware,parallel-peers,hedged-origin,deadline_hedged,247.763,,1397.842,false,peer,247.763,true
95,segment-0095.ts,player-derived,6000,Browser-deadline-aware,parallel-peers,legacy-p2p-first,deadline_relaxed_p2p,1071.42,,,false,peer,1071.42,true
96,segment-0096.ts,player-derived,6000,Browser-deadline-aware,parallel-peers,legacy-p2p-first,deadline_relaxed_p2p,1034.949,,,false,peer,1034.949,true
97,segment-0097.ts,player-derived,6000,Browser-deadline-aware,parallel-peers,legacy-p2p-first,deadline_relaxed_p2p,763.299,,,false,peer,763.299,true
98,segment-0098.ts,playlist-derived,2000,Browser-deadline-aware,parallel-peers,hedged-origin,deadline_hedged,649.99,,1397.842,false,peer,649.99,true
99,segment-0099.ts,unknown,2500,Browser-deadline-aware,parallel-peers,legacy-p2p-first,deadline_unknown_legacy,1150.298,,,false,peer,1150.298,true
100,segment-0100.ts,synthetic,500,Browser-deadline-aware,origin,origin-only,deadline_origin,,329.264,,false,origin,329.264,true
101,segment-0101.ts,synthetic,500,Browser-deadline-aware,origin,origin-only,deadline_origin,,400.237,,false,origin,400.237,true
102,segment-0102.ts,player-derived,6000,Browser-deadline-aware,parallel-peers,legacy-p2p-first,deadline_relaxed_p2p,713.339,,,false,peer,713.339,true
103,segment-0103.ts,player-derived,6000,Browser-deadline-aware,parallel-peers,legacy-p2p-first,deadline_relaxed_p2p,769.12,,,false,peer,769.12,true
104,segment-0104.ts,playlist-derived,2000,Browser-deadline-aware,parallel-peers,hedged-origin,deadline_hedged,460.156,,1413.726,false,peer,460.156,true
105,segment-0105.ts,player-derived,6000,Browser-deadline-aware,parallel-peers,legacy-p2p-first,deadline_relaxed_p2p,758.578,,,false,peer,758.578,true
106,segment-0106.ts,player-derived,6000,Browser-deadline-aware,parallel-peers,legacy-p2p-first,deadline_relaxed_p2p,433.921,,,false,peer,433.921,true
107,segment-0107.ts,unknown,2500,Browser-deadline-aware,parallel-peers,legacy-p2p-first,deadline_unknown_legacy,788.408,,,false,peer,788.408,true
108,segment-0108.ts,synthetic,500,Browser-deadline-aware,origin,origin-only,deadline_origin,,336.849,,false,origin,336.849,true
109,segment-0109.ts,synthetic,500,Browser-deadline-aware,origin,origin-only,deadline_origin,,367.494,,false,origin,367.494,true
110,segment-0110.ts,player-derived,6000,Browser-deadline-aware,parallel-peers,legacy-p2p-first,deadline_relaxed_p2p,656.327,,,false,peer,656.327,true
111,segment-0111.ts,synthetic,500,Browser-deadline-aware,origin,origin-only,deadline_origin,,315.943,,false,origin,315.943,true
112,segment-0112.ts,synthetic,500,Browser-deadline-aware,origin,origin-only,deadline_origin,,329.105,,false,origin,329.105,true
113,segment-0113.ts,player-derived,6000,Browser-deadline-aware,parallel-peers,legacy-p2p-first,deadline_relaxed_p2p,685.03,,,false,peer,685.03,true
114,segment-0114.ts,unknown,2500,Browser-deadline-aware,parallel-peers,legacy-p2p-first,deadline_unknown_legacy,868.46,,,false,peer,868.46,true
115,segment-0115.ts,playlist-derived,2000,Browser-deadline-aware,parallel-peers,hedged-origin,deadline_hedged,576.841,,1453.493,false,peer,576.841,true
116,segment-0116.ts,synthetic,500,Browser-deadline-aware,origin,origin-only,deadline_origin,,324.646,,false,origin,324.646,true
117,segment-0117.ts,unknown,2500,Browser-deadline-aware,parallel-peers,legacy-p2p-first,deadline_unknown_legacy,1203.206,,,false,peer,1203.206,true
118,segment-0118.ts,synthetic,500,Browser-deadline-aware,origin,origin-only,deadline_origin,,443.472,,false,origin,443.472,true
119,segment-0119.ts,playlist-derived,2000,Browser-deadline-aware,parallel-peers,hedged-origin,deadline_hedged,1192.23,,1428.994,false,peer,1192.23,true
120,segment-0120.ts,synthetic,500,Browser-deadline-aware,origin,origin-only,deadline_origin,,410.053,,false,origin,410.053,true
121,segment-0121.ts,synthetic,500,Browser-deadline-aware,origin,origin-only,deadline_origin,,328.473,,false,origin,328.473,true
122,segment-0122.ts,playlist-derived,2000,Browser-deadline-aware,parallel-peers,hedged-origin,deadline_hedged,1173.932,,1433.554,false,peer,1173.932,true
123,segment-0123.ts,player-derived,6000,Browser-deadline-aware,parallel-peers,legacy-p2p-first,deadline_relaxed_p2p,549.979,,,false,peer,549.979,true
124,segment-0124.ts,player-derived,6000,Browser-deadline-aware,parallel-peers,legacy-p2p-first,deadline_relaxed_p2p,622.457,,,false,peer,622.457,true
125,segment-0125.ts,unknown,2500,Browser-deadline-aware,parallel-peers,legacy-p2p-first,deadline_unknown_legacy,473.092,,,false,peer,473.092,true
126,segment-0126.ts,playlist-derived,2000,Browser-deadline-aware,parallel-peers,hedged-origin,deadline_hedged,1002.82,,1433.554,false,peer,1002.82,true
127,segment-0127.ts,synthetic,500,Browser-deadline-aware,origin,origin-only,deadline_origin,,338.943,,false,origin,338.943,true
128,segment-0128.ts,unknown,2500,Browser-deadline-aware,parallel-peers,legacy-p2p-first,deadline_unknown_legacy,347.059,,,false,peer,347.059,true
129,segment-0129.ts,unknown,2500,Browser-deadline-aware,parallel-peers,legacy-p2p-first,deadline_unknown_legacy,591.587,,,false,peer,591.587,true
130,segment-0130.ts,unknown,2500,Browser-deadline-aware,parallel-peers,legacy-p2p-first,deadline_unknown_legacy,1118.421,,,false,peer,1118.421,true
131,segment-0131.ts,unknown,2500,Browser-deadline-aware,parallel-peers,legacy-p2p-first,deadline_unknown_legacy,801.724,,,false,peer,801.724,true
132,segment-0132.ts,player-derived,6000,Browser-deadline-aware,parallel-peers,legacy-p2p-first,deadline_relaxed_p2p,977.695,,,false,peer,977.695,true
133,segment-0133.ts,player-derived,6000,Browser-deadline-aware,parallel-peers,legacy-p2p-first,deadline_relaxed_p2p,486.46,,,false,peer,486.46,true
134,segment-0134.ts,playlist-derived,2000,Browser-deadline-aware,parallel-peers,hedged-origin,deadline_hedged,703.642,,1441.805,false,peer,703.642,true
135,segment-0135.ts,player-derived,6000,Browser-deadline-aware,parallel-peers,legacy-p2p-first,deadline_relaxed_p2p,484.823,,,false,peer,484.823,true
136,segment-0136.ts,playlist-derived,2000,Browser-deadline-aware,parallel-peers,hedged-origin,deadline_hedged,866.012,,1441.805,false,peer,866.012,true
137,segment-0137.ts,unknown,2500,Browser-deadline-aware,parallel-peers,legacy-p2p-first,deadline_unknown_legacy,1079.098,,,false,peer,1079.098,true
138,segment-0138.ts,player-derived,6000,Browser-deadline-aware,parallel-peers,legacy-p2p-first,deadline_relaxed_p2p,1000.375,,,false,peer,1000.375,true
139,segment-0139.ts,player-derived,6000,Browser-deadline-aware,parallel-peers,legacy-p2p-first,deadline_relaxed_p2p,1203.106,,,false,peer,1203.106,true
140,segment-0140.ts,player-derived,6000,Browser-deadline-aware,parallel-peers,legacy-p2p-first,deadline_relaxed_p2p,621.298,,,false,peer,621.298,true
141,segment-0141.ts,unknown,2500,Browser-deadline-aware,parallel-peers,legacy-p2p-first,deadline_unknown_legacy,788.407,,,false,peer,788.407,true
142,segment-0142.ts,player-derived,6000,Browser-deadline-aware,parallel-peers,legacy-p2p-first,deadline_relaxed_p2p,877.019,,,false,peer,877.019,true
143,segment-0143.ts,playlist-derived,2000,Browser-deadline-aware,parallel-peers,hedged-origin,deadline_hedged,704.815,,1441.805,false,peer,704.815,true
144,segment-0144.ts,unknown,2500,Browser-deadline-aware,parallel-peers,legacy-p2p-first,deadline_unknown_legacy,248.53,,,false,peer,248.53,true
145,segment-0145.ts,playlist-derived,2000,Browser-deadline-aware,parallel-peers,hedged-origin,deadline_hedged,1038.699,,1441.805,false,peer,1038.699,true
146,segment-0146.ts,playlist-derived,2000,Browser-deadline-aware,parallel-peers,hedged-origin,deadline_hedged,1192.555,,1441.805,false,peer,1192.555,true
147,segment-0147.ts,synthetic,500,Browser-deadline-aware,origin,origin-only,deadline_origin,,348.359,,false,origin,348.359,true
148,segment-0148.ts,unknown,2500,Browser-deadline-aware,parallel-peers,legacy-p2p-first,deadline_unknown_legacy,813.793,,,false,peer,813.793,true
149,segment-0149.ts,synthetic,500,Browser-deadline-aware,origin,origin-only,deadline_origin,,398.578,,false,origin,398.578,true
150,segment-0150.ts,playlist-derived,2000,Browser-deadline-aware,parallel-peers,hedged-origin,deadline_hedged,,1719.197,1431.756,true,origin,1719.197,true
151,segment-0151.ts,synthetic,500,Browser-deadline-aware,origin,origin-only,deadline_origin,,358.182,,false,origin,358.182,true
152,segment-0152.ts,synthetic,500,Browser-deadline-aware,origin,origin-only,deadline_origin,,424.422,,false,origin,424.422,true
153,segment-0153.ts,synthetic,500,Browser-deadline-aware,origin,origin-only,deadline_origin,,409.788,,false,origin,409.788,true
154,segment-0154.ts,playlist-derived,2000,Browser-deadline-aware,parallel-peers,hedged-origin,deadline_hedged,657.021,,1417.289,false,peer,657.021,true
155,segment-0155.ts,playlist-derived,2000,Browser-deadline-aware,parallel-peers,hedged-origin,deadline_hedged,809.837,,1417.289,false,peer,809.837,true
156,segment-0156.ts,playlist-derived,2000,Browser-deadline-aware,parallel-peers,hedged-origin,deadline_hedged,382.473,,1417.289,false,peer,382.473,true
157,segment-0157.ts,unknown,2500,Browser-deadline-aware,parallel-peers,legacy-p2p-first,deadline_unknown_legacy,509.238,,,false,peer,509.238,true
158,segment-0158.ts,synthetic,500,Browser-deadline-aware,origin,origin-only,deadline_origin,,300.709,,false,origin,300.709,true
159,segment-0159.ts,playlist-derived,2000,Browser-deadline-aware,parallel-peers,hedged-origin,deadline_hedged,960.709,,1441.89,false,peer,960.709,true
160,segment-0160.ts,synthetic,500,Browser-deadline-aware,origin,origin-only,deadline_origin,,387.069,,false,origin,387.069,true
161,segment-0161.ts,playlist-derived,2000,Browser-deadline-aware,parallel-peers,hedged-origin,deadline_hedged,1193.014,,1433.202,false,peer,1193.014,true
162,segment-0162.ts,playlist-derived,2000,Browser-deadline-aware,parallel-peers,hedged-origin,deadline_hedged,1198.756,,1433.202,false,peer,1198.756,true
163,segment-0163.ts,playlist-derived,2000,Browser-deadline-aware,parallel-peers,hedged-origin,deadline_hedged,488.161,,1433.202,false,peer,488.161,true
164,segment-0164.ts,player-derived,6000,Browser-deadline-aware,parallel-peers,legacy-p2p-first,deadline_relaxed_p2p,1136.62,,,false,peer,1136.62,true
165,segment-0165.ts,playlist-derived,2000,Browser-deadline-aware,parallel-peers,hedged-origin,deadline_hedged,1045.889,,1433.202,false,peer,1045.889,true
166,segment-0166.ts,playlist-derived,2000,Browser-deadline-aware,parallel-peers,hedged-origin,deadline_hedged,,1866.797,1433.202,true,origin,1866.797,true
167,segment-0167.ts,player-derived,6000,Browser-deadline-aware,parallel-peers,legacy-p2p-first,deadline_relaxed_p2p,628.345,,,false,peer,628.345,true
168,segment-0168.ts,playlist-derived,2000,Browser-deadline-aware,parallel-peers,hedged-origin,deadline_hedged,904.695,,1413.163,false,peer,904.695,true
169,segment-0169.ts,synthetic,500,Browser-deadline-aware,origin,origin-only,deadline_origin,,411.261,,false,origin,411.261,true
170,segment-0170.ts,player-derived,6000,Browser-deadline-aware,parallel-peers,legacy-p2p-first,deadline_relaxed_p2p,782.16,,,false,peer,782.16,true
171,segment-0171.ts,player-derived,6000,Browser-deadline-aware,parallel-peers,legacy-p2p-first,deadline_relaxed_p2p,945.445,,,false,peer,945.445,true
172,segment-0172.ts,player-derived,6000,Browser-deadline-aware,parallel-peers,legacy-p2p-first,deadline_relaxed_p2p,1246.039,,,false,peer,1246.039,true
173,segment-0173.ts,playlist-derived,2000,Browser-deadline-aware,parallel-peers,hedged-origin,deadline_hedged,901.06,,1405.836,false,peer,901.06,true
174,segment-0174.ts,playlist-derived,2000,Browser-deadline-aware,parallel-peers,hedged-origin,deadline_hedged,1070.527,,1405.836,false,peer,1070.527,true
175,segment-0175.ts,player-derived,6000,Browser-deadline-aware,parallel-peers,legacy-p2p-first,deadline_relaxed_p2p,1081.808,,,false,peer,1081.808,true
176,segment-0176.ts,synthetic,500,Browser-deadline-aware,origin,origin-only,deadline_origin,,380.343,,false,origin,380.343,true
177,segment-0177.ts,synthetic,500,Browser-deadline-aware,origin,origin-only,deadline_origin,,311.079,,false,origin,311.079,true
178,segment-0178.ts,unknown,2500,Browser-deadline-aware,parallel-peers,legacy-p2p-first,deadline_unknown_legacy,822.754,,,false,peer,822.754,true
179,segment-0179.ts,unknown,2500,Browser-deadline-aware,parallel-peers,legacy-p2p-first,deadline_unknown_legacy,787.548,,,false,peer,787.548,true
180,segment-0180.ts,synthetic,500,Browser-deadline-aware,origin,origin-only,deadline_origin,,364.099,,false,origin,364.099,true
181,segment-0181.ts,player-derived,6000,Browser-deadline-aware,parallel-peers,legacy-p2p-first,deadline_relaxed_p2p,1064.026,,,false,peer,1064.026,true
182,segment-0182.ts,synthetic,500,Browser-deadline-aware,origin,origin-only,deadline_origin,,343.533,,false,origin,343.533,true
183,segment-0183.ts,playlist-derived,2000,Browser-deadline-aware,parallel-peers,hedged-origin,deadline_hedged,560.183,,1440.975,false,peer,560.183,true
184,segment-0184.ts,playlist-derived,2000,Browser-deadline-aware,parallel-peers,hedged-origin,deadline_hedged,564.971,,1440.975,false,peer,564.971,true
185,segment-0185.ts,player-derived,6000,Browser-deadline-aware,parallel-peers,legacy-p2p-first,deadline_relaxed_p2p,771.013,,,false,peer,771.013,true
186,segment-0186.ts,synthetic,500,Browser-deadline-aware,origin,origin-only,deadline_origin,,393.313,,false,origin,393.313,true
187,segment-0187.ts,player-derived,6000,Browser-deadline-aware,parallel-peers,legacy-p2p-first,deadline_relaxed_p2p,791.428,,,false,peer,791.428,true
188,segment-0188.ts,unknown,2500,Browser-deadline-aware,parallel-peers,legacy-p2p-first,deadline_unknown_legacy,744.098,,,false,peer,744.098,true
189,segment-0189.ts,synthetic,500,Browser-deadline-aware,origin,origin-only,deadline_origin,,360.958,,false,origin,360.958,true
190,segment-0190.ts,synthetic,500,Browser-deadline-aware,origin,origin-only,deadline_origin,,360.563,,false,origin,360.563,true
191,segment-0191.ts,playlist-derived,2000,Browser-deadline-aware,parallel-peers,hedged-origin,deadline_hedged,694.82,,1435.067,false,peer,694.82,true
192,segment-0192.ts,synthetic,500,Browser-deadline-aware,origin,origin-only,deadline_origin,,354.541,,false,origin,354.541,true
193,segment-0193.ts,unknown,2500,Browser-deadline-aware,parallel-peers,legacy-p2p-first,deadline_unknown_legacy,665.393,,,false,peer,665.393,true
194,segment-0194.ts,unknown,2500,Browser-deadline-aware,parallel-peers,legacy-p2p-first,deadline_unknown_legacy,1012.549,,,false,peer,1012.549,true
195,segment-0195.ts,player-derived,6000,Browser-deadline-aware,parallel-peers,legacy-p2p-first,deadline_relaxed_p2p,719.518,,,false,peer,719.518,true
196,segment-0196.ts,playlist-derived,2000,Browser-deadline-aware,parallel-peers,hedged-origin,deadline_hedged,718.156,,1438.185,false,peer,718.156,true
197,segment-0197.ts,player-derived,6000,Browser-deadline-aware,parallel-peers,legacy-p2p-first,deadline_relaxed_p2p,891.71,,,false,peer,891.71,true
198,segment-0198.ts,playlist-derived,2000,Browser-deadline-aware,parallel-peers,hedged-origin,deadline_hedged,1003.55,,1438.185,false,peer,1003.55,true
199,segment-0199.ts,unknown,2500,Browser-deadline-aware,parallel-peers,legacy-p2p-first,deadline_unknown_legacy,839.433,,,false,peer,839.433,true
200,segment-0200.ts,player-derived,6000,Browser-deadline-aware,parallel-peers,legacy-p2p-first,deadline_relaxed_p2p,1526.648,,,false,peer,1526.648,true
201,segment-0201.ts,playlist-derived,2000,Browser-deadline-aware,parallel-peers,hedged-origin,deadline_hedged,640.88,,1438.185,false,peer,640.88,true
202,segment-0202.ts,playlist-derived,2000,Browser-deadline-aware,parallel-peers,hedged-origin,deadline_hedged,401.15,,1438.185,false,peer,401.15,true
203,segment-0203.ts,unknown,2500,Browser-deadline-aware,parallel-peers,legacy-p2p-first,deadline_unknown_legacy,1364.699,,,false,peer,1364.699,true
204,segment-0204.ts,unknown,2500,Browser-deadline-aware,parallel-peers,legacy-p2p-first,deadline_unknown_legacy,506.021,,,false,peer,506.021,true
205,segment-0205.ts,playlist-derived,2000,Browser-deadline-aware,parallel-peers,hedged-origin,deadline_hedged,654.424,,1438.185,false,peer,654.424,true
206,segment-0206.ts,player-derived,6000,Browser-deadline-aware,parallel-peers,legacy-p2p-first,deadline_relaxed_p2p,495.44,,,false,peer,495.44,true
207,segment-0207.ts,player-derived,6000,Browser-deadline-aware,parallel-peers,legacy-p2p-first,deadline_relaxed_p2p,656.69,,,false,peer,656.69,true
208,segment-0208.ts,unknown,2500,Browser-deadline-aware,parallel-peers,legacy-p2p-first,deadline_unknown_legacy,341.148,,,false,peer,341.148,true
209,segment-0209.ts,synthetic,500,Browser-deadline-aware,origin,origin-only,deadline_origin,,289.723,,false,origin,289.723,true
210,segment-0210.ts,playlist-derived,2000,Browser-deadline-aware,parallel-peers,hedged-origin,deadline_hedged,591.725,,1459.812,false,peer,591.725,true
211,segment-0211.ts,unknown,2500,Browser-deadline-aware,parallel-peers,legacy-p2p-first,deadline_unknown_legacy,599.721,,,false,peer,599.721,true
212,segment-0212.ts,player-derived,6000,Browser-deadline-aware,parallel-peers,legacy-p2p-first,deadline_relaxed_p2p,785.303,,,false,peer,785.303,true
213,segment-0213.ts,playlist-derived,2000,Browser-deadline-aware,parallel-peers,hedged-origin,deadline_hedged,748.962,,1459.812,false,peer,748.962,true
214,segment-0214.ts,player-derived,6000,Browser-deadline-aware,parallel-peers,legacy-p2p-first,deadline_relaxed_p2p,636.057,,,false,peer,636.057,true
215,segment-0215.ts,unknown,2500,Browser-deadline-aware,parallel-peers,legacy-p2p-first,deadline_unknown_legacy,1342.215,,,false,peer,1342.215,true
216,segment-0216.ts,playlist-derived,2000,Browser-deadline-aware,parallel-peers,hedged-origin,deadline_hedged,1456.985,,1459.812,false,peer,1456.985,true
217,segment-0217.ts,synthetic,500,Browser-deadline-aware,origin,origin-only,deadline_origin,,344.591,,false,origin,344.591,true
218,segment-0218.ts,player-derived,6000,Browser-deadline-aware,parallel-peers,legacy-p2p-first,deadline_relaxed_p2p,487.308,,,false,peer,487.308,true
219,segment-0219.ts,synthetic,500,Browser-deadline-aware,origin,origin-only,deadline_origin,,353.281,,false,origin,353.281,true
220,segment-0220.ts,unknown,2500,Browser-deadline-aware,parallel-peers,legacy-p2p-first,deadline_unknown_legacy,1260.875,,,false,peer,1260.875,true
221,segment-0221.ts,playlist-derived,2000,Browser-deadline-aware,parallel-peers,hedged-origin,deadline_hedged,716.232,,1454.96,false,peer,716.232,true
222,segment-0222.ts,unknown,2500,Browser-deadline-aware,parallel-peers,legacy-p2p-first,deadline_unknown_legacy,559.196,,,false,peer,559.196,true
223,segment-0223.ts,player-derived,6000,Browser-deadline-aware,parallel-peers,legacy-p2p-first,deadline_relaxed_p2p,734.548,,,false,peer,734.548,true
224,segment-0224.ts,player-derived,6000,Browser-deadline-aware,parallel-peers,legacy-p2p-first,deadline_relaxed_p2p,405.247,,,false,peer,405.247,true
225,segment-0225.ts,player-derived,6000,Browser-deadline-aware,parallel-peers,legacy-p2p-first,deadline_relaxed_p2p,1251.509,,,false,peer,1251.509,true
226,segment-0226.ts,player-derived,6000,Browser-deadline-aware,parallel-peers,legacy-p2p-first,deadline_relaxed_p2p,1070.357,,,false,peer,1070.357,true
227,segment-0227.ts,synthetic,500,Browser-deadline-aware,origin,origin-only,deadline_origin,,327.69,,false,origin,327.69,true
228,segment-0228.ts,unknown,2500,Browser-deadline-aware,parallel-peers,legacy-p2p-first,deadline_unknown_legacy,879.578,,,false,peer,879.578,true
229,segment-0229.ts,playlist-derived,2000,Browser-deadline-aware,parallel-peers,hedged-origin,deadline_hedged,978.32,,1460.165,false,peer,978.32,true
230,segment-0230.ts,playlist-derived,2000,Browser-deadline-aware,parallel-peers,hedged-origin,deadline_hedged,803.05,,1460.165,false,peer,803.05,true
231,segment-0231.ts,synthetic,500,Browser-deadline-aware,origin,origin-only,deadline_origin,,342.642,,false,origin,342.642,true
232,segment-0232.ts,synthetic,500,Browser-deadline-aware,origin,origin-only,deadline_origin,,315.472,,false,origin,315.472,true
233,segment-0233.ts,player-derived,6000,Browser-deadline-aware,parallel-peers,legacy-p2p-first,deadline_relaxed_p2p,913.937,,,false,peer,913.937,true
234,segment-0234.ts,unknown,2500,Browser-deadline-aware,parallel-peers,legacy-p2p-first,deadline_unknown_legacy,649.133,,,false,peer,649.133,true
235,segment-0235.ts,player-derived,6000,Browser-deadline-aware,parallel-peers,legacy-p2p-first,deadline_relaxed_p2p,995.999,,,false,peer,995.999,true
236,segment-0236.ts,player-derived,6000,Browser-deadline-aware,parallel-peers,legacy-p2p-first,deadline_relaxed_p2p,871.996,,,false,peer,871.996,true
237,segment-0237.ts,unknown,2500,Browser-deadline-aware,parallel-peers,legacy-p2p-first,deadline_unknown_legacy,898.579,,,false,peer,898.579,true
238,segment-0238.ts,playlist-derived,2000,Browser-deadline-aware,parallel-peers,hedged-origin,deadline_hedged,555.867,,1466.884,false,peer,555.867,true
239,segment-0239.ts,playlist-derived,2000,Browser-deadline-aware,parallel-peers,hedged-origin,deadline_hedged,533.797,,1466.884,false,peer,533.797,true
240,segment-0240.ts,synthetic,500,Browser-deadline-aware,origin,origin-only,deadline_origin,,377.125,,false,origin,377.125,true
241,segment-0241.ts,unknown,2500,Browser-deadline-aware,parallel-peers,legacy-p2p-first,deadline_unknown_legacy,759.693,,,false,peer,759.693,true
242,segment-0242.ts,unknown,2500,Browser-deadline-aware,parallel-peers,legacy-p2p-first,deadline_unknown_legacy,1139.415,,,false,peer,1139.415,true
243,segment-0243.ts,playlist-derived,2000,Browser-deadline-aware,parallel-peers,hedged-origin,deadline_hedged,579.045,,1453.682,false,peer,579.045,true
244,segment-0244.ts,synthetic,500,Browser-deadline-aware,origin,origin-only,deadline_origin,,310.636,,false,origin,310.636,true
245,segment-0245.ts,unknown,2500,Browser-deadline-aware,parallel-peers,legacy-p2p-first,deadline_unknown_legacy,476.157,,,false,peer,476.157,true
246,segment-0246.ts,unknown,2500,Browser-deadline-aware,parallel-peers,legacy-p2p-first,deadline_unknown_legacy,1072.796,,,false,peer,1072.796,true
247,segment-0247.ts,playlist-derived,2000,Browser-deadline-aware,parallel-peers,hedged-origin,deadline_hedged,289.115,,1464.386,false,peer,289.115,true
248,segment-0248.ts,playlist-derived,2000,Browser-deadline-aware,parallel-peers,hedged-origin,deadline_hedged,827.566,,1464.386,false,peer,827.566,true
249,segment-0249.ts,synthetic,500,Browser-deadline-aware,origin,origin-only,deadline_origin,,363.667,,false,origin,363.667,true
250,segment-0250.ts,playlist-derived,2000,Browser-deadline-aware,parallel-peers,hedged-origin,deadline_hedged,662.016,,1455.97,false,peer,662.016,true
251,segment-0251.ts,unknown,2500,Browser-deadline-aware,parallel-peers,legacy-p2p-first,deadline_unknown_legacy,1797.148,,,false,peer,1797.148,true
252,segment-0252.ts,synthetic,500,Browser-deadline-aware,origin,origin-only,deadline_origin,,289.937,,false,origin,289.937,true
253,segment-0253.ts,synthetic,500,Browser-deadline-aware,origin,origin-only,deadline_origin,,351.68,,false,origin,351.68,true
254,segment-0254.ts,playlist-derived,2000,Browser-deadline-aware,parallel-peers,hedged-origin,deadline_hedged,566.668,,1465.035,false,peer,566.668,true
255,segment-0255.ts,playlist-derived,2000,Browser-deadline-aware,parallel-peers,hedged-origin,deadline_hedged,1069.777,,1465.035,false,peer,1069.777,true
256,segment-0256.ts,unknown,2500,Browser-deadline-aware,parallel-peers,legacy-p2p-first,deadline_unknown_legacy,379.309,,,false,peer,379.309,true
257,segment-0257.ts,playlist-derived,2000,Browser-deadline-aware,parallel-peers,hedged-origin,deadline_hedged,656.813,,1465.035,false,peer,656.813,true
258,segment-0258.ts,synthetic,500,Browser-deadline-aware,origin,origin-only,deadline_origin,,407.098,,false,origin,407.098,true
259,segment-0259.ts,player-derived,6000,Browser-deadline-aware,parallel-peers,legacy-p2p-first,deadline_relaxed_p2p,1049.636,,,false,peer,1049.636,true
260,segment-0260.ts,player-derived,6000,Browser-deadline-aware,parallel-peers,legacy-p2p-first,deadline_relaxed_p2p,800.461,,,false,peer,800.461,true
261,segment-0261.ts,synthetic,500,Browser-deadline-aware,origin,origin-only,deadline_origin,,358.698,,false,origin,358.698,true
262,segment-0262.ts,playlist-derived,2000,Browser-deadline-aware,parallel-peers,hedged-origin,deadline_hedged,1012.192,,1442.767,false,peer,1012.192,true
263,segment-0263.ts,playlist-derived,2000,Browser-deadline-aware,parallel-peers,hedged-origin,deadline_hedged,898.103,,1442.767,false,peer,898.103,true
264,segment-0264.ts,player-derived,6000,Browser-deadline-aware,parallel-peers,legacy-p2p-first,deadline_relaxed_p2p,1025.966,,,false,peer,1025.966,true
265,segment-0265.ts,synthetic,500,Browser-deadline-aware,origin,origin-only,deadline_origin,,331.269,,false,origin,331.269,true
266,segment-0266.ts,unknown,2500,Browser-deadline-aware,parallel-peers,legacy-p2p-first,deadline_unknown_legacy,433.404,,,false,peer,433.404,true
267,segment-0267.ts,synthetic,500,Browser-deadline-aware,origin,origin-only,deadline_origin,,382.355,,false,origin,382.355,true
268,segment-0268.ts,synthetic,500,Browser-deadline-aware,origin,origin-only,deadline_origin,,409.129,,false,origin,409.129,true
269,segment-0269.ts,player-derived,6000,Browser-deadline-aware,parallel-peers,legacy-p2p-first,deadline_relaxed_p2p,1027.803,,,false,peer,1027.803,true
270,segment-0270.ts,playlist-derived,2000,Browser-deadline-aware,parallel-peers,hedged-origin,deadline_hedged,785.642,,1425.739,false,peer,785.642,true
271,segment-0271.ts,unknown,2500,Browser-deadline-aware,parallel-peers,legacy-p2p-first,deadline_unknown_legacy,715.89,,,false,peer,715.89,true
272,segment-0272.ts,synthetic,500,Browser-deadline-aware,origin,origin-only,deadline_origin,,362.861,,false,origin,362.861,true
273,segment-0273.ts,player-derived,6000,Browser-deadline-aware,parallel-peers,legacy-p2p-first,deadline_relaxed_p2p,609.489,,,false,peer,609.489,true
274,segment-0274.ts,playlist-derived,2000,Browser-deadline-aware,parallel-peers,hedged-origin,deadline_hedged,530.394,,1429.159,false,peer,530.394,true
275,segment-0275.ts,player-derived,6000,Browser-deadline-aware,parallel-peers,legacy-p2p-first,deadline_relaxed_p2p,1259.684,,,false,peer,1259.684,true
276,segment-0276.ts,playlist-derived,2000,Browser-deadline-aware,parallel-peers,hedged-origin,deadline_hedged,1136.908,,1429.159,false,peer,1136.908,true
277,segment-0277.ts,synthetic,500,Browser-deadline-aware,origin,origin-only,deadline_origin,,279.833,,false,origin,279.833,true
278,segment-0278.ts,unknown,2500,Browser-deadline-aware,parallel-peers,legacy-p2p-first,deadline_unknown_legacy,1264.281,,,false,peer,1264.281,true
279,segment-0279.ts,synthetic,500,Browser-deadline-aware,origin,origin-only,deadline_origin,,361.954,,false,origin,361.954,true
280,segment-0280.ts,unknown,2500,Browser-deadline-aware,parallel-peers,legacy-p2p-first,deadline_unknown_legacy,997.393,,,false,peer,997.393,true
281,segment-0281.ts,player-derived,6000,Browser-deadline-aware,parallel-peers,legacy-p2p-first,deadline_relaxed_p2p,260.752,,,false,peer,260.752,true
282,segment-0282.ts,player-derived,6000,Browser-deadline-aware,parallel-peers,legacy-p2p-first,deadline_relaxed_p2p,578.541,,,false,peer,578.541,true
283,segment-0283.ts,player-derived,6000,Browser-deadline-aware,parallel-peers,legacy-p2p-first,deadline_relaxed_p2p,716.832,,,false,peer,716.832,true
284,segment-0284.ts,unknown,2500,Browser-deadline-aware,parallel-peers,legacy-p2p-first,deadline_unknown_legacy,964.463,,,false,peer,964.463,true
285,segment-0285.ts,playlist-derived,2000,Browser-deadline-aware,parallel-peers,hedged-origin,deadline_hedged,1152.773,,1450.937,false,peer,1152.773,true
286,segment-0286.ts,player-derived,6000,Browser-deadline-aware,parallel-peers,legacy-p2p-first,deadline_relaxed_p2p,539.785,,,false,peer,539.785,true
287,segment-0287.ts,playlist-derived,2000,Browser-deadline-aware,parallel-peers,hedged-origin,deadline_hedged,584.671,,1450.937,false,peer,584.671,true
288,segment-0288.ts,player-derived,6000,Browser-deadline-aware,parallel-peers,legacy-p2p-first,deadline_relaxed_p2p,729.393,,,false,peer,729.393,true
289,segment-0289.ts,playlist-derived,2000,Browser-deadline-aware,parallel-peers,hedged-origin,deadline_hedged,1100.695,,1450.937,false,peer,1100.695,true
290,segment-0290.ts,synthetic,500,Browser-deadline-aware,origin,origin-only,deadline_origin,,366.174,,false,origin,366.174,true
291,segment-0291.ts,playlist-derived,2000,Browser-deadline-aware,parallel-peers,hedged-origin,deadline_hedged,845.315,,1445.804,false,peer,845.315,true
292,segment-0292.ts,player-derived,6000,Browser-deadline-aware,parallel-peers,legacy-p2p-first,deadline_relaxed_p2p,1163.119,,,false,peer,1163.119,true
293,segment-0293.ts,unknown,2500,Browser-deadline-aware,parallel-peers,legacy-p2p-first,deadline_unknown_legacy,,1329.245,,false,origin,1329.245,true
294,segment-0294.ts,unknown,2500,Browser-deadline-aware,parallel-peers,legacy-p2p-first,deadline_unknown_legacy,784.14,,,false,peer,784.14,true
295,segment-0295.ts,player-derived,6000,Browser-deadline-aware,parallel-peers,legacy-p2p-first,deadline_relaxed_p2p,818.008,,,false,peer,818.008,true
296,segment-0296.ts,synthetic,500,Browser-deadline-aware,origin,origin-only,deadline_origin,,268.126,,false,origin,268.126,true
297,segment-0297.ts,synthetic,500,Browser-deadline-aware,origin,origin-only,deadline_origin,,383.773,,false,origin,383.773,true
298,segment-0298.ts,player-derived,6000,Browser-deadline-aware,parallel-peers,legacy-p2p-first,deadline_relaxed_p2p,779.731,,,false,peer,779.731,true
299,segment-0299.ts,playlist-derived,2000,Browser-deadline-aware,parallel-peers,hedged-origin,deadline_hedged,964.959,,1452.321,false,peer,964.959,true
300,segment-0300.ts,synthetic,500,Browser-deadline-aware,origin,origin-only,deadline_origin,,322.55,,false,origin,322.55,true
301,segment-0301.ts,playlist-derived,2000,Browser-deadline-aware,parallel-peers,hedged-origin,deadline_hedged,439.37,,1459.86,false,peer,439.37,true
302,segment-0302.ts,player-derived,6000,Browser-deadline-aware,parallel-peers,legacy-p2p-first,deadline_relaxed_p2p,648.053,,,false,peer,648.053,true
303,segment-0303.ts,playlist-derived,2000,Browser-deadline-aware,parallel-peers,hedged-origin,deadline_hedged,747.215,,1459.86,false,peer,747.215,true
304,segment-0304.ts,playlist-derived,2000,Browser-deadline-aware,parallel-peers,hedged-origin,deadline_hedged,833.953,,1459.86,false,peer,833.953,true
305,segment-0305.ts,playlist-derived,2000,Browser-deadline-aware,parallel-peers,hedged-origin,deadline_hedged,824.567,,1459.86,false,peer,824.567,true
306,segment-0306.ts,player-derived,6000,Browser-deadline-aware,parallel-peers,legacy-p2p-first,deadline_relaxed_p2p,,1639.425,,false,origin,1639.425,true
307,segment-0307.ts,playlist-derived,2000,Browser-deadline-aware,parallel-peers,hedged-origin,deadline_hedged,542.201,,1443.282,false,peer,542.201,true
308,segment-0308.ts,playlist-derived,2000,Browser-deadline-aware,parallel-peers,hedged-origin,deadline_hedged,547.485,,1443.282,false,peer,547.485,true
309,segment-0309.ts,playlist-derived,2000,Browser-deadline-aware,parallel-peers,hedged-origin,deadline_hedged,1075.035,,1443.282,false,peer,1075.035,true
310,segment-0310.ts,playlist-derived,2000,Browser-deadline-aware,parallel-peers,hedged-origin,deadline_hedged,1022.739,,1443.282,false,peer,1022.739,true
311,segment-0311.ts,unknown,2500,Browser-deadline-aware,parallel-peers,legacy-p2p-first,deadline_unknown_legacy,797.969,,,false,peer,797.969,true
312,segment-0312.ts,playlist-derived,2000,Browser-deadline-aware,parallel-peers,hedged-origin,deadline_hedged,380.415,,1443.282,false,peer,380.415,true
313,segment-0313.ts,playlist-derived,2000,Browser-deadline-aware,parallel-peers,hedged-origin,deadline_hedged,399.069,,1443.282,false,peer,399.069,true
314,segment-0314.ts,player-derived,6000,Browser-deadline-aware,parallel-peers,legacy-p2p-first,deadline_relaxed_p2p,548.361,,,false,peer,548.361,true
315,segment-0315.ts,player-derived,6000,Browser-deadline-aware,parallel-peers,legacy-p2p-first,deadline_relaxed_p2p,628.473,,,false,peer,628.473,true
316,segment-0316.ts,playlist-derived,2000,Browser-deadline-aware,parallel-peers,hedged-origin,deadline_hedged,768.689,,1443.282,false,peer,768.689,true
317,segment-0317.ts,unknown,2500,Browser-deadline-aware,parallel-peers,legacy-p2p-first,deadline_unknown_legacy,1264.343,,,false,peer,1264.343,true
318,segment-0318.ts,playlist-derived,2000,Browser-deadline-aware,parallel-peers,hedged-origin,deadline_hedged,775.404,,1443.282,false,peer,775.404,true
319,segment-0319.ts,synthetic,500,Browser-deadline-aware,origin,origin-only,deadline_origin,,347.953,,false,origin,347.953,true
320,segment-0320.ts,player-derived,6000,Browser-deadline-aware,parallel-peers,legacy-p2p-first,deadline_relaxed_p2p,674.106,,,false,peer,674.106,true
321,segment-0321.ts,unknown,2500,Browser-deadline-aware,parallel-peers,legacy-p2p-first,deadline_unknown_legacy,606.654,,,false,peer,606.654,true
322,segment-0322.ts,player-derived,6000,Browser-deadline-aware,parallel-peers,legacy-p2p-first,deadline_relaxed_p2p,,1718.422,,false,origin,1718.422,true
323,segment-0323.ts,player-derived,6000,Browser-deadline-aware,parallel-peers,legacy-p2p-first,deadline_relaxed_p2p,355.991,,,false,peer,355.991,true
324,segment-0324.ts,playlist-derived,2000,Browser-deadline-aware,parallel-peers,hedged-origin,deadline_hedged,928.097,,1443.001,false,peer,928.097,true
325,segment-0325.ts,synthetic,500,Browser-deadline-aware,origin,origin-only,deadline_origin,,303.505,,false,origin,303.505,true
326,segment-0326.ts,unknown,2500,Browser-deadline-aware,parallel-peers,legacy-p2p-first,deadline_unknown_legacy,944.616,,,false,peer,944.616,true
327,segment-0327.ts,playlist-derived,2000,Browser-deadline-aware,parallel-peers,hedged-origin,deadline_hedged,769.681,,1459.049,false,peer,769.681,true
328,segment-0328.ts,player-derived,6000,Browser-deadline-aware,parallel-peers,legacy-p2p-first,deadline_relaxed_p2p,784.442,,,false,peer,784.442,true
329,segment-0329.ts,unknown,2500,Browser-deadline-aware,parallel-peers,legacy-p2p-first,deadline_unknown_legacy,947.203,,,false,peer,947.203,true
330,segment-0330.ts,player-derived,6000,Browser-deadline-aware,parallel-peers,legacy-p2p-first,deadline_relaxed_p2p,935.557,,,false,peer,935.557,true
331,segment-0331.ts,synthetic,500,Browser-deadline-aware,origin,origin-only,deadline_origin,,367.891,,false,origin,367.891,true
332,segment-0332.ts,player-derived,6000,Browser-deadline-aware,parallel-peers,legacy-p2p-first,deadline_relaxed_p2p,1235.119,,,false,peer,1235.119,true
333,segment-0333.ts,player-derived,6000,Browser-deadline-aware,parallel-peers,legacy-p2p-first,deadline_relaxed_p2p,717.913,,,false,peer,717.913,true
334,segment-0334.ts,synthetic,500,Browser-deadline-aware,origin,origin-only,deadline_origin,,370.111,,false,origin,370.111,true
335,segment-0335.ts,player-derived,6000,Browser-deadline-aware,parallel-peers,legacy-p2p-first,deadline_relaxed_p2p,843.845,,,false,peer,843.845,true
336,segment-0336.ts,player-derived,6000,Browser-deadline-aware,parallel-peers,legacy-p2p-first,deadline_relaxed_p2p,683.392,,,false,peer,683.392,true
337,segment-0337.ts,player-derived,6000,Browser-deadline-aware,parallel-peers,legacy-p2p-first,deadline_relaxed_p2p,717.434,,,false,peer,717.434,true
338,segment-0338.ts,playlist-derived,2000,Browser-deadline-aware,parallel-peers,hedged-origin,deadline_hedged,838.661,,1444.644,false,peer,838.661,true
339,segment-0339.ts,synthetic,500,Browser-deadline-aware,origin,origin-only,deadline_origin,,394.258,,false,origin,394.258,true
340,segment-0340.ts,synthetic,500,Browser-deadline-aware,origin,origin-only,deadline_origin,,306.804,,false,origin,306.804,true
341,segment-0341.ts,playlist-derived,2000,Browser-deadline-aware,parallel-peers,hedged-origin,deadline_hedged,722.175,,1451.04,false,peer,722.175,true
342,segment-0342.ts,playlist-derived,2000,Browser-deadline-aware,parallel-peers,hedged-origin,deadline_hedged,1250.802,,1451.04,false,peer,1250.802,true
343,segment-0343.ts,player-derived,6000,Browser-deadline-aware,parallel-peers,legacy-p2p-first,deadline_relaxed_p2p,651.482,,,false,peer,651.482,true
344,segment-0344.ts,player-derived,6000,Browser-deadline-aware,parallel-peers,legacy-p2p-first,deadline_relaxed_p2p,586.522,,,false,peer,586.522,true
345,segment-0345.ts,player-derived,6000,Browser-deadline-aware,parallel-peers,legacy-p2p-first,deadline_relaxed_p2p,475.689,,,false,peer,475.689,true
346,segment-0346.ts,player-derived,6000,Browser-deadline-aware,parallel-peers,legacy-p2p-first,deadline_relaxed_p2p,616.074,,,false,peer,616.074,true
347,segment-0347.ts,unknown,2500,Browser-deadline-aware,parallel-peers,legacy-p2p-first,deadline_unknown_legacy,711.998,,,false,peer,711.998,true
348,segment-0348.ts,player-derived,6000,Browser-deadline-aware,parallel-peers,legacy-p2p-first,deadline_relaxed_p2p,823.671,,,false,peer,823.671,true
349,segment-0349.ts,unknown,2500,Browser-deadline-aware,parallel-peers,legacy-p2p-first,deadline_unknown_legacy,1917.671,,,false,peer,1917.671,true
350,segment-0350.ts,player-derived,6000,Browser-deadline-aware,parallel-peers,legacy-p2p-first,deadline_relaxed_p2p,436.521,,,false,peer,436.521,true
351,segment-0351.ts,playlist-derived,2000,Browser-deadline-aware,parallel-peers,hedged-origin,deadline_hedged,714.201,,1451.04,false,peer,714.201,true
352,segment-0352.ts,player-derived,6000,Browser-deadline-aware,parallel-peers,legacy-p2p-first,deadline_relaxed_p2p,786.078,,,false,peer,786.078,true
353,segment-0353.ts,player-derived,6000,Browser-deadline-aware,parallel-peers,legacy-p2p-first,deadline_relaxed_p2p,834.374,,,false,peer,834.374,true
354,segment-0354.ts,playlist-derived,2000,Browser-deadline-aware,parallel-peers,hedged-origin,deadline_hedged,752.741,,1451.04,false,peer,752.741,true
355,segment-0355.ts,synthetic,500,Browser-deadline-aware,origin,origin-only,deadline_origin,,356.667,,false,origin,356.667,true
356,segment-0356.ts,playlist-derived,2000,Browser-deadline-aware,parallel-peers,hedged-origin,deadline_hedged,471.366,,1448.728,false,peer,471.366,true
357,segment-0357.ts,unknown,2500,Browser-deadline-aware,parallel-peers,legacy-p2p-first,deadline_unknown_legacy,882.585,,,false,peer,882.585,true
358,segment-0358.ts,playlist-derived,2000,Browser-deadline-aware,parallel-peers,hedged-origin,deadline_hedged,859.247,,1448.728,false,peer,859.247,true
359,segment-0359.ts,player-derived,6000,Browser-deadline-aware,parallel-peers,legacy-p2p-first,deadline_relaxed_p2p,741.642,,,false,peer,741.642,true
360,segment-0360.ts,synthetic,500,Browser-deadline-aware,origin,origin-only,deadline_origin,,335.493,,false,origin,335.493,true
361,segment-0361.ts,player-derived,6000,Browser-deadline-aware,parallel-peers,legacy-p2p-first,deadline_relaxed_p2p,865.906,,,false,peer,865.906,true
362,segment-0362.ts,playlist-derived,2000,Browser-deadline-aware,parallel-peers,hedged-origin,deadline_hedged,937.119,,1453.462,false,peer,937.119,true
363,segment-0363.ts,playlist-derived,2000,Browser-deadline-aware,parallel-peers,hedged-origin,deadline_hedged,1066.774,,1453.462,false,peer,1066.774,true
364,segment-0364.ts,player-derived,6000,Browser-deadline-aware,parallel-peers,legacy-p2p-first,deadline_relaxed_p2p,386.077,,,false,peer,386.077,true
365,segment-0365.ts,unknown,2500,Browser-deadline-aware,parallel-peers,legacy-p2p-first,deadline_unknown_legacy,902.598,,,false,peer,902.598,true
366,segment-0366.ts,playlist-derived,2000,Browser-deadline-aware,parallel-peers,hedged-origin,deadline_hedged,847.359,,1453.462,false,peer,847.359,true
367,segment-0367.ts,playlist-derived,2000,Browser-deadline-aware,parallel-peers,hedged-origin,deadline_hedged,625.308,,1453.462,false,peer,625.308,true
368,segment-0368.ts,player-derived,6000,Browser-deadline-aware,parallel-peers,legacy-p2p-first,deadline_relaxed_p2p,328.751,,,false,peer,328.751,true
369,segment-0369.ts,unknown,2500,Browser-deadline-aware,parallel-peers,legacy-p2p-first,deadline_unknown_legacy,964.299,,,false,peer,964.299,true
370,segment-0370.ts,player-derived,6000,Browser-deadline-aware,parallel-peers,legacy-p2p-first,deadline_relaxed_p2p,1235.083,,,false,peer,1235.083,true
371,segment-0371.ts,unknown,2500,Browser-deadline-aware,parallel-peers,legacy-p2p-first,deadline_unknown_legacy,1220.018,,,false,peer,1220.018,true
372,segment-0372.ts,unknown,2500,Browser-deadline-aware,parallel-peers,legacy-p2p-first,deadline_unknown_legacy,432.153,,,false,peer,432.153,true
373,segment-0373.ts,playlist-derived,2000,Browser-deadline-aware,parallel-peers,hedged-origin,deadline_hedged,1055.813,,1453.462,false,peer,1055.813,true
374,segment-0374.ts,player-derived,6000,Browser-deadline-aware,parallel-peers,legacy-p2p-first,deadline_relaxed_p2p,698.462,,,false,peer,698.462,true
375,segment-0375.ts,playlist-derived,2000,Browser-deadline-aware,parallel-peers,hedged-origin,deadline_hedged,1310.898,,1453.462,false,peer,1310.898,true
376,segment-0376.ts,playlist-derived,2000,Browser-deadline-aware,parallel-peers,hedged-origin,deadline_hedged,884.922,,1453.462,false,peer,884.922,true
377,segment-0377.ts,playlist-derived,2000,Browser-deadline-aware,parallel-peers,hedged-origin,deadline_hedged,591.511,,1453.462,false,peer,591.511,true
378,segment-0378.ts,playlist-derived,2000,Browser-deadline-aware,parallel-peers,hedged-origin,deadline_hedged,841.563,,1453.462,false,peer,841.563,true
379,segment-0379.ts,playlist-derived,2000,Browser-deadline-aware,parallel-peers,hedged-origin,deadline_hedged,563.739,,1453.462,false,peer,563.739,true
380,segment-0380.ts,playlist-derived,2000,Browser-deadline-aware,parallel-peers,hedged-origin,deadline_hedged,293.048,,1453.462,false,peer,293.048,true
381,segment-0381.ts,unknown,2500,Browser-deadline-aware,parallel-peers,legacy-p2p-first,deadline_unknown_legacy,612.427,,,false,peer,612.427,true
382,segment-0382.ts,player-derived,6000,Browser-deadline-aware,parallel-peers,legacy-p2p-first,deadline_relaxed_p2p,1051.315,,,false,peer,1051.315,true
383,segment-0383.ts,playlist-derived,2000,Browser-deadline-aware,parallel-peers,hedged-origin,deadline_hedged,1181.921,,1453.462,false,peer,1181.921,true
384,segment-0384.ts,player-derived,6000,Browser-deadline-aware,parallel-peers,legacy-p2p-first,deadline_relaxed_p2p,932.985,,,false,peer,932.985,true
385,segment-0385.ts,player-derived,6000,Browser-deadline-aware,parallel-peers,legacy-p2p-first,deadline_relaxed_p2p,865.767,,,false,peer,865.767,true
386,segment-0386.ts,playlist-derived,2000,Browser-deadline-aware,parallel-peers,hedged-origin,deadline_hedged,619.55,,1453.462,false,peer,619.55,true
387,segment-0387.ts,player-derived,6000,Browser-deadline-aware,parallel-peers,legacy-p2p-first,deadline_relaxed_p2p,427.592,,,false,peer,427.592,true
388,segment-0388.ts,playlist-derived,2000,Browser-deadline-aware,parallel-peers,hedged-origin,deadline_hedged,858.55,,1453.462,false,peer,858.55,true
389,segment-0389.ts,player-derived,6000,Browser-deadline-aware,parallel-peers,legacy-p2p-first,deadline_relaxed_p2p,827.234,,,false,peer,827.234,true
390,segment-0390.ts,synthetic,500,Browser-deadline-aware,origin,origin-only,deadline_origin,,403.314,,false,origin,403.314,true
391,segment-0391.ts,synthetic,500,Browser-deadline-aware,origin,origin-only,deadline_origin,,459.601,,false,origin,459.601,true
392,segment-0392.ts,playlist-derived,2000,Browser-deadline-aware,parallel-peers,hedged-origin,deadline_hedged,673.144,,1407.62,false,peer,673.144,true
393,segment-0393.ts,unknown,2500,Browser-deadline-aware,parallel-peers,legacy-p2p-first,deadline_unknown_legacy,981.73,,,false,peer,981.73,true
394,segment-0394.ts,unknown,2500,Browser-deadline-aware,parallel-peers,legacy-p2p-first,deadline_unknown_legacy,1082.548,,,false,peer,1082.548,true
395,segment-0395.ts,synthetic,500,Browser-deadline-aware,origin,origin-only,deadline_origin,,361.429,,false,origin,361.429,true
396,segment-0396.ts,player-derived,6000,Browser-deadline-aware,parallel-peers,legacy-p2p-first,deadline_relaxed_p2p,824.353,,,false,peer,824.353,true
397,segment-0397.ts,playlist-derived,2000,Browser-deadline-aware,parallel-peers,hedged-origin,deadline_hedged,940.705,,1416.905,false,peer,940.705,true
398,segment-0398.ts,playlist-derived,2000,Browser-deadline-aware,parallel-peers,hedged-origin,deadline_hedged,673.262,,1416.905,false,peer,673.262,true
399,segment-0399.ts,playlist-derived,2000,Browser-deadline-aware,parallel-peers,hedged-origin,deadline_hedged,774.864,,1416.905,false,peer,774.864,true
